"Large","Name (Large)","Medium","Name (Medium)","Small","Name (Small)"
"A","Agriculture, forestry","01","agriculture","010","Establishments engaged in administrative and ancillary economic activities (01 Agriculture)"
"","","","","011","Farming"
"","","","","012","arable farming"
"","","","","013","animal agriculture"
"","","","","014","Agricultural service industry (excluding horticultural service industry)"
"","","02","forestry","020","Horticultural services"
"","","","","021","Establishments engaged in management and auxiliary economic activities (02 Forestry)"
"","","","","022","forestry industry"
"","","","","023","Material Production"
"","","","","024","Special Forest Products Production (excluding mushroom cultivation)"
"","","","","029","forestry service industry"
"B","fishing (industry)","03","Fishery (excluding aquaculture)","030","Other Forestry"
"","","","","031","Establishments engaged in administrative and ancillary economic activities (03 fisheries)"
"","","","","032","sea-level fishing"
"","","04","aquaculture industry","040","inland fishery"
"","","","","041","Establishments engaged in management and auxiliary economic activities (04Fishery and aquaculture)"
"","","","","042","sea level farming"
"C","Mineralization, quarrying, and sands industry","05","Mineralization, quarrying, and sands industry","050","inland aquaculture industry"
"","","","","051","Establishments engaged in administrative and ancillary economic activities (05 mining, quarrying and gravel extraction)"
"","","","","052","metal mining"
"","","","","053","Coal and lignite mining"
"","","","","054","Crude oil and natural gas mining"
"","","","","055","Quarrying, sand, gravel and cobble"
"","","","","059","Mining of minerals for ceramic raw materials (limited to refractory materials, ceramics, glass and cement raw materials)"
"D","Construction industry","06","general construction business","060","Other Mining"
"","","","","061","Establishments engaged in administrative and auxiliary economic activities (06 general construction business)"
"","","","","062","General civil engineering and construction work"
"","","","","063","Civil engineering work (excluding paving work)"
"","","","","064","Paving business"
"","","","","065","Building construction business (excluding wooden construction business)"
"","","","","066","Wooden building construction business"
"","","07","Construction business by occupation (excluding facility construction)","070","Establishments engaged in administrative and auxiliary economic activities (07 occupational construction)"
"","","","","071","carpentry business"
"","","","","072","Scaffolding, earthwork and concrete work"
"","","","","073","Steel and steel construction industry"
"","","","","074","Masonry, brick, tile and block work"
"","","","","075","plastering business"
"","","","","076","Sheet metal and hardware work"
"","","","","077","Painting business"
"","","","","078","Flooring and interior decoration business"
"","","","","079","Other job-based construction industry"
"","","08","Equipment Industry","080","Establishments engaged in management and auxiliary economic activities (08 equipment construction)"
"","","","","081","electrical engineering"
"","","","","082","Telecommunications and signaling equipment installation"
"","","","","083","Plumbing business (excluding well drilling business)"
"","","","","084","Machinery and equipment installation"
"","","","","089","Other facilities construction business"
"E","manufacturing industry","09","Foodstuffs manufacturing industry","090","Establishments engaged in administrative and ancillary economic activities (09 food production)"
"","","","","091","Livestock and food production"
"","","","","092","Seafood Manufacturing"
"","","","","093","Canned vegetables, canned fruit and preserved agricultural food products"
"","","","","094","Seasoning Industry"
"","","","","095","sugar manufacturing industry"
"","","","","096","Grain and flour milling industry"
"","","","","097","Bread and confectionery manufacturing industry"
"","","","","098","Production of animal and vegetable oils and fats"
"","","","","099","Other food manufacturing industry"
"","","10","Beverage, tobacco and feed manufacturing industry","100","Establishments engaged in administrative and ancillary economic activities (10 beverage, tobacco and feed manufacturing industries)"
"","","","","101","Soft drink manufacturing industry"
"","","","","102","Liquor manufacturing industry"
"","","","","103","Tea and coffee manufacturers (excluding soft drinks)"
"","","","","104","ice-making industry"
"","","","","105","tobacco manufacturing industry"
"","","","","106","Feed and organic fertilizer manufacturing industry"
"","","11","textile industry","110","Establishments engaged in administrative and ancillary economic activities (11 textile industries)"
"","","","","111","Spinning, spinning, and manufacturing of synthetic fibers and yarns"
"","","","","112","the textile industry"
"","","","","113","Knit fabric manufacturing industry"
"","","","","114","dyeing and finishing business"
"","","","","115","Manufacture of ropes, nets, lace and coarse textile products"
"","","","","116","Manufacture of outerwear and shirts (excluding Japanese style)"
"","","","","117","Underwear manufacturing"
"","","","","118","Manufacture of kimono products and other clothing and textile personal effects"
"","","","","119","Other textile products manufacturing industry"
"","","12","Wood and wood products manufacturing industry (excluding furniture)","120","Establishments engaged in administrative and ancillary economic activities (12 wood and wood products manufacturers)"
"","","","","121","Lumber and wood products manufacturing"
"","","","","122","Production of building materials, plywood and assembly materials for construction"
"","","","","123","Wooden container manufacturing (including bamboo and rattan)"
"","","","","129","Other wood products (including bamboo and sugar cane)"
"","","13","Furniture and equipment manufacturing","130","Establishments engaged in administrative and auxiliary economic activities (13 furniture and equipment manufacturers)"
"","","","","131","Furniture Manufacturing"
"","","","","132","Religious Tool Manufacturing"
"","","","","133","fittings industry"
"","","","","139","Other furniture and equipment manufacturing industry"
"","","14","Manufacturing of pulp, paper and paper products","140","Establishments engaged in administrative and ancillary economic activities (14 pulp and paper and paper products manufacturers)"
"","","","","141","pulp manufacturing industry"
"","","","","142","paper manufacturing industry"
"","","","","143","Processed paper manufacturing industry"
"","","","","144","Paper products manufacturing industry"
"","","","","145","Paper container manufacturing"
"","","","","149","Other pulp and paper and processed paper products manufacturing"
"","","15","Printing and related industries","150","15 printing and related businesses that engage in administrative and auxiliary economic activities"
"","","","","151","printing business"
"","","","","152","plate-making industry"
"","","","","153","Bookbinding industry, print processing industry"
"","","","","159","Printing related services"
"","","16","chemical industry","160","Establishments engaged in administrative and ancillary economic activities (16 chemical industries)"
"","","","","161","Chemical fertilizer manufacturer"
"","","","","162","Inorganic chemical industry products"
"","","","","163","Industrial organic chemical products"
"","","","","164","Manufacture of processed oil and fat products, soap, synthetic detergents, surfactants, and paints"
"","","","","165","pharmaceutical manufacturing industry"
"","","","","166","Manufacturing of cosmetics, toothpaste and other cosmetic products"
"","","","","169","Other chemical industry"
"","","17","Petroleum and coal product manufacturing","170","17 petroleum and coal product manufacturing establishments that engage in administrative and ancillary economic activities"
"","","","","171","oil refinery"
"","","","","172","Lubricant and grease manufacturing industry, except oil refinery"
"","","","","173","coke manufacturing industry"
"","","","","174","Paving material manufacturing industry"
"","","","","179","Other petroleum and coal product manufacturing industries"
"","","18","Plastic product manufacturers, except those listed separately","180","Establishments engaged in administrative and ancillary economic activities (18 plastic products manufacturing)"
"","","","","181","Manufacture of plastic sheets, bars, pipes, fittings, and deformed extruded products"
"","","","","182","Plastic film, sheet, flooring and synthetic leather manufacturing"
"","","","","183","Industrial plastic products manufacturing industry"
"","","","","184","Manufacturing of foamed and reinforced plastic products"
"","","","","185","Manufacture of plastic molding materials (including waste plastics)"
"","","","","189","Other plastic products manufacturing industry"
"","","19","Rubber product manufacturing","190","19 rubber products manufacturing enterprises that engage in administrative and auxiliary economic activities"
"","","","","191","Tire and tube manufacturing industry"
"","","","","192","Manufacture of rubber and plastic footwear and accessories"
"","","","","193","Manufacture of rubber belts, rubber hoses and industrial rubber products"
"","","","","199","Other rubber products manufacturing industry"
"","","20","Tanned leather, leather products and fur manufacturing","200","Establishments engaged in administrative and auxiliary economic activities (20 tanning, leather and fur production)"
"","","","","201","Tannery"
"","","","","202","Industrial leather products, excluding gloves"
"","","","","203","Manufacture of leather footwear materials and accessories"
"","","","","204","Leather footwear manufacturing"
"","","","","205","Leather glove manufacturing"
"","","","","206","bag maker"
"","","","","207","Bag manufacturing industry"
"","","","","208","fur manufacturer"
"","","","","209","Other Tannery Products"
"","","21","Ceramics and earth and stone products manufacturing industry","210","Business establishments that carry out management and auxiliary economic activities (21 ceramics / earth and stone product manufacturing)"
"","","","","211","Glass and product manufacturing industry"
"","","","","212","Cement / product manufacturing industry"
"","","","","213","Construction clay product manufacturing industry (excluding ceramic products)"
"","","","","214","Ceramics and related product manufacturing industry"
"","","","","215","Refractory manufacturing industry"
"","","","","216","Carbon / graphite product manufacturing industry"
"","","","","217","Abrasive / product manufacturing industry"
"","","","","218","Aggregate / masonry manufacturing industry"
"","","","","219","Other ceramics and earth and stone product manufacturing industries"
"","","22","Steel industry","220","Business establishments that carry out management and auxiliary economic activities (22 steel industry)"
"","","","","221","Steel industry"
"","","","","222","Steelmaking / Steelmaking and rolling industry"
"","","","","223","Steel manufacturing industry that does not make steel (excluding surface-treated steel)"
"","","","","224","Surface-treated steel manufacturing industry"
"","","","","225","Iron profile manufacturing industry"
"","","","","229","Other steel industry"
"","","23","Non-ferrous metal manufacturing industry","230","Business establishments that carry out management and auxiliary economic activities (23 non-ferrous metal manufacturing industry)"
"","","","","231","Non-ferrous metal primary smelting and refining industry"
"","","","","232","Secondary non-ferrous metal smelting and refining industry (including non-ferrous metal alloy manufacturing industry)"
"","","","","233","Non-ferrous metal / alloy rolling industry (including drawing and extrusion)"
"","","","","234","Electric wire / cable manufacturing industry"
"","","","","235","Non-ferrous metal body material manufacturing industry"
"","","","","239","Other non-ferrous metal manufacturing industry"
"","","24","Metal product manufacturing industry","240","Business establishments that carry out management and auxiliary economic activities (24 metal product manufacturing industries)"
"","","","","241","Manufacturing of tin cans and other plated plates"
"","","","","242","Western tableware, cutlery, hand tools, hardware manufacturing industry"
"","","","","243","Manufacturing of heating / cooking equipment and accessories for plumbing"
"","","","","244","Construction / building metal product manufacturing industry (including can manufacturing sheet metal industry)"
"","","","","245","Metal element product manufacturing industry"
"","","","","246","Metal coating / engraving industry, heat treatment industry (excluding enamel ironware)"
"","","","","247","Metal wire product manufacturing industry (excluding screws)"
"","","","","248","Manufacturing of bolts, nuts, rivets, machine screws, wood screws, etc."
"","","","","249","Other metal product manufacturing industry"
"","","25","General-purpose machinery and equipment manufacturing industry","250","Business establishments that carry out management and auxiliary economic activities (25-purpose machinery and equipment manufacturing industry)"
"","","","","251","Boiler / motor manufacturing industry"
"","","","","252","Pump / compression equipment manufacturing industry"
"","","","","253","General industrial machinery / equipment manufacturing industry"
"","","","","259","Other general-purpose machinery and parts manufacturing industry"
"","","26","Production machinery and equipment manufacturing industry","260","Business establishments that carry out management and auxiliary economic activities (26 production machinery and equipment manufacturing industries)"
"","","","","261","Agricultural machinery manufacturing industry (excluding agricultural equipment)"
"","","","","262","Construction machinery / mining machinery manufacturing industry"
"","","","","263","Textile machinery manufacturing industry"
"","","","","264","Life-related industrial machinery manufacturing industry"
"","","","","265","Basic materials Industrial machinery manufacturing industry"
"","","","","266","Metal processing machine manufacturing industry"
"","","","","267","Semiconductor / flat panel display manufacturing equipment manufacturing industry"
"","","","","269","Other production machinery and parts manufacturing industry"
"","","27","Commercial machinery and equipment manufacturing industry","270","Business establishments that carry out management and auxiliary economic activities (27 commercial machinery and equipment manufacturing industries)"
"","","","","271","Office machinery and equipment manufacturing industry"
"","","","","272","Service / entertainment machinery and equipment manufacturing industry"
"","","","","273","Measuring instruments, measuring instruments, analytical instruments, testing machines, surveying machinery, physics and chemistry machinery, equipment manufacturing industry"
"","","","","274","Medical machinery / equipment / medical supplies manufacturing industry"
"","","","","275","Optical machinery / lens manufacturing industry"
"","","","","276","Weapon manufacturing"
"","","28","Electronic component / device / electronic circuit manufacturing industry","280","Business establishments that carry out management and auxiliary economic activities (28 electronic parts / devices / electronic circuit manufacturing industry)"
"","","","","281","Electronic device manufacturing industry"
"","","","","282","Electronic component manufacturing industry"
"","","","","283","Recording media manufacturing industry"
"","","","","284","Electronic circuit manufacturing industry"
"","","","","285","Unit parts manufacturing industry"
"","","","","289","Other electronic parts / devices / electronic circuit manufacturing industry"
"","","29","Electrical machinery and equipment manufacturing industry","290","Business establishments that carry out management and auxiliary economic activities (29 electrical machinery and equipment manufacturing industries)"
"","","","","291","Electric machinery and equipment manufacturing industry for power generation, power transmission, and distribution"
"","","","","292","Industrial electrical machinery and equipment manufacturing industry"
"","","","","293","Consumer electrical machinery and equipment manufacturing industry"
"","","","","294","Light bulb / electric lighting equipment manufacturing industry"
"","","","","295","Battery manufacturing industry"
"","","","","296","Electronic application equipment manufacturing industry"
"","","","","297","Electrical measuring instrument manufacturing industry"
"","","","","299","Other electrical machinery and equipment manufacturing industry"
"","","30","Information and communication machinery and equipment manufacturing industry","300","Business establishments that carry out management and auxiliary economic activities (30 information and communication machinery and equipment manufacturing industries)"
"","","","","301","Communication machinery / equipment / related machinery / equipment manufacturing industry"
"","","","","302","Video / audio machinery / equipment manufacturing industry"
"","","","","303","Computer and attached equipment manufacturing industry"
"","","31","Transportation machinery and equipment manufacturing industry","310","Business establishments that carry out management and auxiliary economic activities (31 transportation machinery and equipment manufacturing industry)"
"","","","","311","Automotive / accessory manufacturing industry"
"","","","","312","Railroad vehicle / parts manufacturing industry"
"","","","","313","Ship manufacturing / repair industry, marine engine manufacturing industry"
"","","","","314","Aircraft and accessories manufacturing industry"
"","","","","315","Industrial transport vehicle / parts / accessories manufacturing industry"
"","","","","319","Other transportation machinery and equipment manufacturing industry"
"","","32","Other manufacturing industries","320","Business establishments that carry out management and auxiliary economic activities (32 other manufacturing industries)"
"","","","","321","Precious metal and jewelry product manufacturing industry"
"","","","","322","Jewelry, ornaments, buttons, related products manufacturing industry (excluding precious metals and jewelry)"
"","","","","323","Watch and parts manufacturing industry"
"","","","","324","Musical instrument manufacturing industry"
"","","","","325","Toys and exercise equipment manufacturing industry"
"","","","","326","Manufacturing of pens, pencils, painting supplies and other office supplies"
"","","","","327","Laquer ware manufacturing industry"
"","","","","328","Manufacturing of household goods such as tatami mats"
"","","","","329","Manufacturing industry not classified elsewhere"
"","","33","Electricity industry","330","Business establishments that carry out management and auxiliary economic activities (33 electric industry)"
"","","","","331","Electricity industry"
"","","34","Gas industry","340","Business establishments that carry out management and auxiliary economic activities (34 gas industry)"
"","","","","341","Gas industry"
"","","35","Heat supply industry","350","Business establishments that carry out management and auxiliary economic activities (35 heat supply industry)"
"","","","","351","Heat supply industry"
"","","36","Water industry","360","Business establishments that carry out management and auxiliary economic activities (36 waterworks)"
"","","","","361","Water supply industry"
"","","","","362","Industrial water supply"
"","","","","363","Sewerage industry"
"","","37","Communication industry","370","Business establishments that carry out management and auxiliary economic activities (37 telecommunications industry)"
"","","","","371","Fixed telecommunications industry"
"","","","","372","Mobile telecommunications industry"
"","","","","373","Service industry incidental to telecommunications"
"","","38","Broadcasting industry","380","Business establishments that carry out management and auxiliary economic activities (38 broadcasting industry)"
"","","","","381","Public broadcasting industry (excluding cable broadcasting industry)"
"","","","","382","Commercial broadcasting industry (excluding cable broadcasting industry)"
"","","","","383","Cable broadcasting industry"
"","","39","Information service industry","390","Business establishments that carry out management and auxiliary economic activities (39 information service industry)"
"","","","","391","Software industry"
"","","","","392","Information processing / provision service industry"
"","","40","Internet service industry","400","Business establishments that carry out management and auxiliary economic activities (40 Internet-affiliated service industry)"
"","","","","401","Internet service industry"
"","","41","Video / audio / text information system work","410","Business establishments that carry out management and auxiliary economic activities (41 video / audio / text information system work)"
"","","","","411","Video information production and distribution business"
"","","","","412","Voice information system work"
"","","","","413","Newspaper industry"
"","","","","414","Publishing industry"
"","","","","415","Advertising work"
"","","","","416","Service industry incidental to video / audio / text information production"
"","","42","Railway industry","420","Business establishments that carry out management and auxiliary economic activities (42 railway industry)"
"","","","","421","Railway industry"
"","","43","Road passenger transportation business","430","Business establishments that carry out management and auxiliary economic activities (43 road passenger transportation business)"
"","","","","431","General passenger car transportation business"
"","","","","432","General passenger car transportation business"
"","","","","433","General charter passenger car transportation business"
"","","","","439","Other road passenger transportation business"
"","","44","Road freight forwarding business","440","Business establishments that carry out management and auxiliary economic activities (44 road freight forwarding business)"
"","","","","441","General freight car transportation business"
"","","","","442","Specified freight vehicle transportation business"
"","","","","443","Freight light vehicle transportation business"
"","","","","444","Collection and delivery transportation business"
"","","","","449","Other road freight forwarding business"
"","","45","Water transportation industry","450","Business establishments that carry out management and auxiliary economic activities (45 water transportation industry)"
"","","","","451","Ocean voyage"
"","","","","452","Coastal shipping industry"
"","","","","453","Inland water transportation industry"
"","","","","454","Ship rental business"
"","","46","Air transport","460","Business establishments that carry out management and auxiliary economic activities (46 air transportation industry)"
"","","","","461","Air transportation business"
"","","","","462","Aircraft use business (excluding air transportation business)"
"","","47","Warehousing business","470","Business establishments that carry out management and auxiliary economic activities (47 warehousing businesses)"
"","","","","471","Warehouse business (excluding refrigerated warehousing business)"
"","","","","472","Refrigerated warehouse business"
"","","48","Service industry incidental to transportation","480","Business establishments that carry out management and auxiliary economic activities (service industry incidental to 48 transportation)"
"","","","","481","Port operator"
"","","","","482","Freight transportation business (excluding collection and delivery transportation business)"
"","","","","483","Shipping agency"
"","","","","484","Packing business"
"","","","","485","Transportation facility provider"
"","","","","489","Service industry incidental to other transportation"
"","","49","Postal business (including correspondence business)","490","Business establishments that carry out management and auxiliary economic activities (49 postal services)"
"","","","","491","Postal business (including correspondence business)"
"","","50","Various product wholesale business","500","Business establishments that carry out management and auxiliary economic activities (50 various product wholesale businesses)"
"","","","","501","Various product wholesale business"
"","","51","Wholesale of textiles, clothing, etc.","510","Business establishments that carry out management and auxiliary economic activities (51 textile / clothing wholesale business)"
"","","","","511","Textile wholesale business (excluding clothing and personal belongings)"
"","","","","512","Garment wholesale business"
"","","","","513","Personal belongings wholesale business"
"","","52","Food and beverage wholesale business","520","Business establishments that carry out management and auxiliary economic activities (52 food and beverage wholesale business)"
"","","","","521","Agricultural and livestock products / marine products wholesale business"
"","","","","522","Food and beverage wholesale business"
"","","53","Wholesale business of building materials, minerals, metal materials, etc.","530","Business establishments engaged in management and auxiliary economic activities (53 building materials, mineral / metal materials, etc. wholesale business)"
"","","","","531","Building material wholesale business"
"","","","","532","Chemical product wholesale business"
"","","","","533","Oil and mineral wholesale business"
"","","","","534","Steel products wholesale business"
"","","","","535","Non-ferrous metal wholesale business"
"","","","","536","Renewable resource wholesale business"
"","","54","Machinery and equipment wholesale business","540","Business establishments that carry out management and auxiliary economic activities (54 machinery and equipment wholesale business)"
"","","","","541","Industrial machinery and equipment wholesale business"
"","","","","542","Car wholesale business"
"","","","","543","Electrical machinery wholesale business"
"","","","","549","Other machinery and equipment wholesale business"
"","","55","Other wholesale business","550","Business establishments that carry out management and auxiliary economic activities (55 other wholesale businesses)"
"","","","","551","Wholesale of furniture, fittings, furniture, etc."
"","","","","552","Wholesale of pharmaceuticals and cosmetics"
"","","","","553","Paper and paper products wholesale business"
"","","","","559","Wholesale business not classified elsewhere"
"","","56","Various product retailers","560","Business establishments that carry out management and auxiliary economic activities (56 various product retailers)"
"","","","","561","Department store, general merchandise store"
"","","","","569","Other various product retailers (those with less than 50 employees at all times)"
"","","57","Textiles, clothing, personal belongings retail business","570","Business establishments that carry out management and supplementary economic activities (57 textiles, clothing, personal belongings retail business)"
"","","","","571","Kimono / clothing / bedding retail business"
"","","","","572","Men's clothing retail"
"","","","","573","Women's and children's clothing retail business"
"","","","","574","Shoe / footwear retail business"
"","","","","579","Other textile / clothing / personal goods retail business"
"","","58","Food and beverage retail business","580","Business establishments that carry out management and supplementary economic activities (58 food and beverage retailers)"
"","","","","581","Various grocery retailers"
"","","","","582","Vegetable / fruit retail business"
"","","","","583","Meat retail business"
"","","","","584","Fresh fish retail business"
"","","","","585","Liquor retail business"
"","","","","586","Confectionery and bread retail business"
"","","","","589","Other food and beverage retailers"
"","","59","Machinery and equipment retail business","590","Business establishments that carry out management and auxiliary economic activities (59 machinery and equipment retailers)"
"","","","","591","Car retail"
"","","","","592","Bicycle retail"
"","","","","593","Machinery and equipment retail business (excluding automobiles and bicycles)"
"","","60","Other retailers","600","Business establishments that carry out management and auxiliary economic activities (60 other retail businesses)"
"","","","","601","Furniture / joinery / tatami retail business"
"","","","","602","Juki retail business"
"","","","","603","Pharmaceutical and cosmetics retail business"
"","","","","604","Agricultural supplies retail business"
"","","","","605","Fuel retail business"
"","","","","606","Book and stationery retail business"
"","","","","607","Sporting goods, toys, entertainment goods, musical instruments retail business"
"","","","","608","Camera / watch / eyeglass retail business"
"","","","","609","Uncategorized retail"
"","","61","Non-store retail business","610","Business establishments that carry out management and auxiliary economic activities (61 non-store retailers)"
"","","","","611","Mail order / door-to-door sales retail business"
"","","","","612","Vending machine retail business"
"","","","","619","Other non-store retailing"
"","","62","Banking","620","Business establishments that carry out management and auxiliary economic activities (62 banking businesses)"
"","","","","621","Central Bank"
"","","","","622","Banks (excluding central banks)"
"","","63","Cooperative financial industry","630","Business establishments that carry out management and auxiliary economic activities (63 cooperative financial industry)"
"","","","","631","Financial industry such as SMEs"
"","","","","632","Agriculture, Forestry and Fisheries Finance"
"","","64","Non-deposit credit institutions such as money lending business and credit card business","640","Business establishments that carry out management and auxiliary economic activities (64 money lending business, credit card business, etc. non-deposit credit institutions)"
"","","","","641","Money lending business"
"","","","","642","Pawn shop"
"","","","","643","Credit card business, installment finance business"
"","","","","649","Other non-deposit credit institutions"
"","","65","Financial instruments business, commodity futures trading","650","Business establishments engaged in management and auxiliary economic activities (65 financial instruments business, commodity futures trading)"
"","","","","651","Financial instruments business"
"","","","","652","Commodity futures trading business, commodity investment advisory business"
"","","66","Auxiliary financial industry, etc.","660","Business establishments that carry out management and auxiliary economic activities (66 auxiliary financial industry, etc.)"
"","","","","661","Auxiliary financial business, financial incidental business"
"","","","","662","Trust business"
"","","","","663","Financial agency"
"","","67","Insurance business (including insurance brokerage business and insurance service business)","670","Business establishments that carry out management and auxiliary economic activities (67 insurance industry)"
"","","","","671","Life insurance business"
"","","","","672","Non-life insurance business"
"","","","","673","Mutual aid business, small amount short-term insurance business"
"","","","","674","Insurance brokerage business"
"","","","","675","Insurance service industry"
"","","68","Real estate transaction business","680","Business establishments that carry out management and auxiliary economic activities (68 real estate transaction business)"
"","","","","681","Building trading business, land trading business"
"","","","","682","Real estate agency / brokerage business"
"","","69","Real estate leasing and management business","690","Business establishments that carry out management and auxiliary economic activities (69 real estate leasing and management businesses)"
"","","","","691","Real estate leasing business (excluding rental house business and rental business)"
"","","","","692","Rental house business, rental business"
"","","","","693","Parking lot business"
"","","","","694","Real estate management business"
"","","70","Goods leasing business","700","Business establishments that carry out management and auxiliary economic activities (70 goods leasing business)"
"","","","","701","Various goods leasing business"
"","","","","702","Industrial machinery and equipment leasing business"
"","","","","703","Office machinery and equipment leasing business"
"","","","","704","Car leasing business"
"","","","","705","Sports / entertainment equipment rental business"
"","","","","709","Other goods leasing business"
"","","71","Academic / Development Research Institute","710","Business establishments that carry out management and auxiliary economic activities (71 academic and development research institutes)"
"","","","","711","Institute of Natural Sciences"
"","","","","712","Institute of Humanities and Social Sciences"
"","","72","Professional service industry (not classified elsewhere)","720","Business establishments that carry out management and auxiliary economic activities (72 specialized service industries)"
"","","","","721","Law firm, patent office"
"","","","","722","Notary public office, judicial scrivener office, land and house surveyor office"
"","","","","723","Administrative scrivener office"
"","","","","724","Certified Public Accountant Office, Tax Accountant Office"
"","","","","725","Social Insurance Labor and Social Security Attorney Office"
"","","","","726","Design industry"
"","","","","727","Writing / Artist Business"
"","","","","728","Management consulting business, pure holding company"
"","","","","729","Other professional service industry"
"","","73","Advertising","730","Business establishments that carry out management and auxiliary economic activities (73 advertising business)"
"","","","","731","Advertising"
"","","74","Technology service industry (not classified elsewhere)","740","Business establishments that carry out management and auxiliary economic activities (74 technical service industry)"
"","","","","741","Veterinary business"
"","","","","742","Civil engineering and construction service industry"
"","","","","743","Mechanical design industry"
"","","","","744","Product / non-destructive inspection business"
"","","","","745","Measurement certification business"
"","","","","746","Photography industry"
"","","","","749","Other technical service industry"
"","","75","Accommodation business","750","Business establishments that carry out management and auxiliary economic activities (75 accommodations)"
"","","","","751","Ryokan, hotel"
"","","","","752","Simple lodging"
"","","","","753","Boarding house"
"","","","","759","Other accommodation business"
"","","76","restaurant","760","Business establishments (76 restaurants) that carry out management and auxiliary economic activities"
"","","","","761","Dining room, restaurant (excluding specialty restaurants)"
"","","","","762","Specialty restaurant"
"","","","","763","Soba / Udon shop"
"","","","","764","Sushi shop"
"","","","","765","Tavern, beer hall"
"","","","","766","Bars, cabarets, nightclubs"
"","","","","767","Coffee shop"
"","","","","769","Other restaurants"
"","","77","Take-out / delivery food service business","770","Business establishments that carry out management and auxiliary economic activities (77 take-out / delivery food service industry)"
"","","","","771","Take-out food service business"
"","","","","772","Delivery food service industry"
"","","78","Laundry / barber / beauty / bath industry","780","Business establishments that carry out management and auxiliary economic activities (78 laundry, barber, beauty, bathhouse business)"
"","","","","781","Laundry industry"
"","","","","782","Barber business"
"","","","","783","Beauty industry"
"","","","","784","General public bath business"
"","","","","785","Other public baths"
"","","","","789","Other laundry / barber / beauty / bath industry"
"","","79","Other life-related service industry","790","Business establishments that carry out management and auxiliary economic activities (79 other life-related service industries)"
"","","","","791","Travel industry"
"","","","","792","Housework service industry"
"","","","","793","Clothes sewing repair business"
"","","","","794","Goods storage business"
"","","","","795","Cremation / graveyard management business"
"","","","","796","Ceremonial occasion business"
"","","","","799","Life-related service industry not classified elsewhere"
"","","80","Entertainment industry","800","Business establishments that carry out management and auxiliary economic activities (80 entertainment businesses)"
"","","","","801","Movie theater"
"","","","","802","Entertainment hall (excluding separate listings), entertainment group"
"","","","","803","Racecourses such as bicycle races and horse races, competition teams"
"","","","","804","Sports facility provider"
"","","","","805","Park, amusement park"
"","","","","806","Playground"
"","","","","809","Other entertainment industry"
"","","81","School education","810","Business establishments that carry out management and supplementary economic activities (81 school education)"
"","","","","811","kindergarten"
"","","","","812","primary school"
"","","","","813","Junior high school"
"","","","","814","High school, secondary school"
"","","","","815","Special school"
"","","","","816","Higher education institutions"
"","","","","817","Vocational school, miscellaneous school"
"","","","","818","School education support organization"
"","","","","819","Kindergarten cooperation type certified child institution"
"","","82","Other education and learning support businesses","820","Business establishments that carry out management and supplementary economic activities (82 other education and learning support businesses)"
"","","","","821","Social education"
"","","","","822","Vocational / educational support facility"
"","","","","823","Cram school"
"","","","","824","Liberal Arts / Skills Teaching Business"
"","","","","829","Education and learning support industry that is not classified elsewhere"
"","","83","Medical industry","830","Business establishments that carry out management and auxiliary economic activities (83 medical industry)"
"","","","","831","hospital"
"","","","","832","General clinic"
"","","","","833","Dental clinic"
"","","","","834","Midwifery / nursing industry"
"","","","","835","Medical treatment industry"
"","","","","836","Service industry incidental to medical care"
"","","84","Health and hygiene","840","Business establishments that carry out management and auxiliary economic activities (84 health and hygiene)"
"","","","","841","Health center"
"","","","","842","Health counseling facility"
"","","","","849","Other health and hygiene"
"","","85","Social insurance / social welfare / long-term care business","850","Business establishments that carry out management and auxiliary economic activities (85 social insurance, social welfare, long-term care business)"
"","","","","851","Social insurance business organization"
"","","","","852","Welfare office"
"","","","","853","Child welfare business"
"","","","","854","Elderly welfare / nursing care business"
"","","","","855","Welfare business for persons with disabilities"
"","","","","859","Other social insurance / social welfare / long-term care business"
"","","86","post office","860","Business establishments that carry out management and auxiliary economic activities (86 post offices)"
"","","","","861","post office"
"","","","","862","Post office contract business"
"","","87","Cooperatives (not classified elsewhere)","870","Business establishments that carry out management and auxiliary economic activities (87 cooperatives)"
"","","","","871","Agriculture, Forestry and Fisheries Cooperative (not classified elsewhere)"
"","","","","872","Business co-operatives (not classified elsewhere)"
"","","88","Waste disposal industry","880","Business establishments that carry out management and auxiliary economic activities (88 waste treatment industry)"
"","","","","881","Municipal waste treatment industry"
"","","","","882","Industrial waste treatment industry"
"","","","","889","Other waste treatment industry"
"","","89","Car maintenance industry","890","Business establishments that carry out management and auxiliary economic activities (89 automobile maintenance industry)"
"","","","","891","Car maintenance industry"
"","","90","Machine repair business (excluding separate listings)","900","Business establishments that carry out management and auxiliary economic activities (90 machine repair business)"
"","","","","901","Machine repair business (excluding electrical machinery and equipment)"
"","","","","902","Electrical machinery and equipment repair business"
"","","","","903","Tableware industry"
"","","","","909","Other repair business"
"","","91","Employment placement / worker dispatching business","910","Business establishments that carry out management and auxiliary economic activities (91 employment placement / worker dispatching business)"
"","","","","911","Employment placement business"
"","","","","912","Worker dispatch business"
"","","92","Other business service industry","920","Business establishments that carry out management and auxiliary economic activities (92 and other business service industries)"
"","","","","921","Shorthand / word processor input / copying business"
"","","","","922","Building service industry"
"","","","","923","Security"
"","","","","929","Business service industry not classified elsewhere"
"","","93","Political / economic / cultural organizations","931","Economic organization"
"","","","","932","Labor organization"
"","","","","933","Academic / cultural organizations"
"","","","","934","Political organization"
"","","","","939","Non-profit organization not classified elsewhere"
"","","94","religion","941","Shinto religion"
"","","","","942","Buddhist religion"
"","","","","943","Christian religion"
"","","","","949","Other religions"
"","","95","Other service industry","950","Business establishments that carry out management and auxiliary economic activities (95 other service industries)"
"","","","","951","Meeting place"
"","","","","952","Slaughterhouse"
"","","","","959","Service industry not classified elsewhere"
"","","96","Foreign public affairs","961","Foreign legation"
"","","","","969","Other foreign public affairs"
"","","97","National public affairs","971","Legislative body"
"","","","","972","Judiciary"
"","","","","973","Government agency"
"","","98","Local public affairs","981","Prefectural institutions"
"","","","","982","Municipal agency"
"T","Unclassifiable industry","99","Unclassifiable industry","999","Unclassifiable industry"
