"大","名称(大)","中","名称(中)","小","名称(小)","細","名称(細)","該当例"
"A","管理的職業","01","管理的公務員","011","管理的公務員","011-01","議会議員","国会議員、衆議院議員、参議院議員、地方公共団体議会議員、都道府県議会議員、市区町村議会議員"
"","","","","","","011-02","管理的国家公務員","国務大臣、副大臣、政務官、事務次官、中央府省の局・部・課長、地方支分部局の局・部・課長"
"","","","","","","011-03","管理的地方公務員","知事、副知事、会計管理者（都道府県）、市町村長、副市町村長、会計管理者（市町村）、地方公共団体の局・部・課長、地方公共団体出先機関の長・課長"
"","","02","法人・団体の役員","021","会社役員","021-01","会社役員","CEO（会社最高経営責任者）、会社社長、会社取締役、会社監査役、会社執行役、会社部長（取締役であるもの）、会社工場長（取締役であるもの）"
"","","","","029","その他の法人・団体の役員","029-01","独立行政法人等の役員","独立行政法人役員（理事長、理事、監事）、国立大学法人役員（学長、理事、監事）、地方独立行政法人役員（理事長、理事、監事）、公立大学法人役員（学長、理事、監事）、日本放送協会役員（会長、副会長、理事）、日本銀行役員（総裁、理事、監事）、特殊会社役員（社長、取締役、監査役）"
"","","","","","","029-99","他に分類されない法人・団体の役員","協同組合役員、経営者団体役員、公益財団法人役員、公益社団法人役員、労働組合役員"
"","","03","法人・団体の管理職員","031","会社の管理職員","031-01","会社の管理職員","本社部課長、工場・支店・営業所等の長、工場・支店等の部課長、執行役員（取締役等の会社役員ではないもの）、銀行支店長、営業課長（主に管理的な仕事に従事するもの）、経理課長（主に管理的な仕事に従事するもの）、小売店長（会社：主に管理的な仕事に従事するもの）、卸売店長（会社：主に管理的な仕事に従事するもの）、飲食店長（会社：主に管理的な仕事に従事するもの）、ホテル支配人（会社：主に管理的な仕事に従事するもの）、旅館支配人（会社：主に管理的な仕事に従事するもの）"
"","","","","039","福祉施設管理者","039-01","独立行政法人等の管理職員","独立行政法人の部課長、国立大学法人の部課長、地方独立行政法人の部課長、公立大学法人の部課長、日本銀行の局長・課長、特殊会社の部課長"
"","","","","","","039-02","福祉施設管理者","障害者福祉施設長、特別養護老人ホーム施設長、認知症高齢者グループホーム管理者（主に管理的な仕事に従事するもの）、養護老人ホーム施設長、老人デイサービスセンター管理者（主に管理的な仕事に従事するもの）"
"","","","","","","039-99","他に分類されない法人・団体の管理職員","協同組合部課長、経営者団体部課長、公益財団法人部課長、公益社団法人部課長、私立学校事務長"
"","","04","その他の管理的職業","049","その他の管理的職業","049-99","その他の管理的職業","小売店長（個人事業：主に管理的な仕事に従事するもの）、飲食店長（個人事業：主に管理的な仕事に従事するもの）、旅館支配人（個人事業：主に管理的な仕事に従事するもの）"
"B","専門的・技術的職業","05","研究者","051","研究者","051-01","理学研究者","化学研究者、気象学研究者、数学研究者、生物学研究者、地質学研究者、天文学研究者、物理学研究者"
"","","","","","","051-02","工学研究者","機械工学研究者、建築工学研究者、材料工学研究者、情報工学研究者、生命工学研究者、電気工学研究者、電子工学研究者、土木・建築工学研究者、バイオテクノロジー研究者"
"","","","","","","051-03","農学・林学・水産学研究者","獣医学研究者、水産学研究者、畜産学研究者、農学研究者、林学研究者"
"","","","","","","051-04","医学研究者","歯学研究者、生理学研究者、病理学研究者、薬学研究者"
"","","","","","","051-05","人文科学研究者","教育学研究者、史学研究者、心理学研究者、哲学研究者、美術研究者、文学研究者"
"","","","","","","051-06","社会科学研究者","経営学研究者、経済学研究者、社会学研究者、商学研究者、政治学研究者、法学研究者"
"","","","","","","051-99","他に分類されない研究者","栄養学研究者、家政学研究者、食品化学研究者、メカトロニクス研究者"
"","","06","農林水産技術者","061","農林水産技術者","061-01","農業技術者","農業技術指導員、農業経営指導員、農産物検査員、普及指導員（農業）"
"","","","","","","061-02","畜産技術者 ","家畜人工授精師（獣医師でないもの）、畜産技術指導員、ひな鑑別員、普及指導員（畜産）、孵（ふ）卵技術者、ふん尿処理技術者"
"","","","","","","061-03","林業技術者","山林用種苗技術者、森林病害虫防除技術者、普及指導員（林業）"
"","","","","","","061-04","水産技術者 ","水産資源保護指導員、普及指導員（水産業）、養殖技術者"
"","","07","開発技術者","071","食品開発技術者","071-01","食品開発技術者","水産食品開発技術者、清涼飲料開発技術者、醸造技術者（開発）、乳製品開発技術者"
"","","","","072","電気・電子・電気通信開発技術者（通信ネットワークを除く）","072-01","電気・電子・電気通信設計技術者","液晶ディスプレイ（LCD）設計技術者、回路設計技術者、テレビ設計技術者、電気通信機器設計技術者、電子機器設計技術者、電動機設計技術者、電話機設計技術者、発電機設計技術者"
"","","","","","","072-99","他に分類されない電気・電子・電気通信開発技術者（通信ネットワークを除く）","テレビ開発技術者（設計を除く）、電動機開発技術者（設計を除く）、電話機開発技術者（設計を除く）、発送電開発技術者、発電機開発技術者（設計を除く）、半導体製品開発技術者（設計を除く）"
"","","","","073","機械開発技術者","073-01","機械設計技術者","エンジン設計技術者、化学プラント設計技術者、金型設計士、建設機械設計技術者、航空計器設計技術者、工作機械設計技術者、産業用ロボット設計技術者、精密測定工具設計技術者、土木機械設計技術者、農業用機械設計技術者、半導体製造装置設計技術者、ボイラー設計技術者"
"","","","","","","073-99","他に分類されない機械開発技術者","印刷機械開発技術者（設計を除く）、建設機械開発技術者（設計を除く）、原動機開発技術者（設計を除く）、自動化機械開発技術者（設計を除く）、写真機開発技術者（設計を除く）、精密測定機開発技術者（設計を除く）、染色機械開発技術者（設計を除く）"
"","","","","074","自動車開発技術者","074-01","自動車設計技術者","バスボディー設計技術者"
"","","","","","","074-99","他に分類されない自動車開発技術者","自動車開発技術者（設計を除く）"
"","","","","075","輸送用機器開発技術者（自動車を除く）","075-01","輸送用機器開発技術者（自動車を除く）","航空機設計技術者、船舶設計技術者、造船技術者（開発）、鉄道車両設計技術者"
"","","","","076","金属製錬・材料開発技術者","076-01","金属製錬・材料開発技術者","圧延開発技術者、鋳物開発技術者、金属製錬開発技術者、合金開発技術者、製鉄開発技術者、鍛造開発技術者、鋳造開発技術者、電気精錬開発技術者"
"","","","","077","化学品開発技術者","077-01","化学品開発技術者 ","化学繊維開発技術者、化学肥料開発技術者、化学薬品開発技術者、化粧品開発技術者、合成ゴム開発技術者、高分子化学製品開発技術者、バイオケミカル開発技術者、プラスチック製品開発技術者、油脂製品開発技術者、無機化学製品開発技術者、有機化学製品開発技術者"
"","","","","079","その他の開発技術者","079-01","窯業製品開発技術者","ガラス製品開発技術者、研削材開発技術者、セメント開発技術者、陶磁器開発技術者、ファインセラミックス製品開発技術者"
"","","","","","","079-99","他に分類されない開発技術者","原子力技術者（開発）、鉱山開発技術者、採鉱開発技術者、織布開発技術者、染色開発技術者、探鉱開発技術者、紡績開発技術者"
"","","08","製造技術者","081","食品製造技術者","081-01","食品製造技術者 ","缶詰製造技術者、食品冷凍技術者（開発技術者を除く）、醸造技術者（開発技術者を除く）、水産食品製造技術者、製糖技術者（開発技術者を除く）、製粉技術者（開発技術者を除く）、清涼飲料製造技術者、乳製品製造技術者"
"","","","","082","電気・電子・電気通信製造技術者（通信ネットワークを除く）","082-01","電気・電子・電気通信機器生産技術者","電気機器生産技術者、電子機器生産技術者、電気通信機器生産技術者"
"","","","","","","082-02","電気工事技術者","電気工事施工管理技術者、電気施設施工管理技術者"
"","","","","","","082-99","他に分類されない電気・電子・電気通信製造技術者（通信ネットワークを除く）","電気・電子機器製造技術者（生産技術者を除く）、電気通信機器製造技術者（生産技術者を除く）"
"","","","","083","機械製造技術者","083-01","機械生産技術者 ","原動機生産技術者、工作機械生産技術者、精密機械生産技術者"
"","","","","","","083-99","他に分類されない機械製造技術者","原動機製造技術者（生産技術者を除く）、工作機械製造技術者（生産技術者を除く）、精密機械製造技術者（生産技術者を除く）"
"","","","","084","自動車製造技術者","084-01","自動車生産技術者","自動車生産技術者"
"","","","","","","084-99","他に分類されない自動車製造技術者","自動車製造技術者（生産技術者を除く）"
"","","","","085","輸送用機器製造技術者（自動車を除く）","085-01","輸送用機器製造技術者（自動車を除く）","航空機製造技術者、船舶製造技術者、鉄道車両製造技術者"
"","","","","086","金属製錬・材料製造技術者","086-01","金属製錬・材料製造技術者","圧延技術者（開発技術者を除く）、鋳物技術者（開発技術者を除く）、金属製錬技術者（開発技術者を除く）、合金技術者（開発技術者を除く）、製鉄技術者（開発技術者を除く）、鍛造技術者（開発技術者を除く）、鋳造技術者（開発技術者を除く）、電気精錬技術者（開発技術者を除く）"
"","","","","087","化学品製造技術者","087-01","化学品生産技術者","医薬品生産技術者、化学繊維生産技術者、化学肥料生産技術者、化学薬品生産技術者、化粧品生産技術者、合成ゴム生産技術者、高分子化学製品生産技術者、バイオケミカル生産技術者、プラスチック製品生産技術者、無機化学製品生産技術者、有機化学製品生産技術者、油脂製品生産技術者"
"","","","","","","087-02","分析化学技術者","医薬品検査技術員、無機薬品分析検査技術員、有機薬品分析技術員"
"","","","","","","087-99","他に分類されない化学品製造技術者","医薬品製造技術者（生産技術者を除く）、化学繊維製造技術者（生産技術者を除く）、化学肥料製造技術者（生産技術者を除く）、化学薬品製造技術者（生産技術者を除く）、化粧品製造技術者（生産技術者を除く）、合成ゴム製造技術者（生産技術者を除く）、高分子化学製品製造技術者（生産技術者を除く）、プラスチック製品製造技術者（生産技術者を除く）、無機化学製品製造技術者（生産技術者を除く）、有機化学製品製造技術者（生産技術者を除く）、油脂製品製造技術者（生産技術者を除く）"
"","","","","089","その他の製造技術者","089-01","窯業製品製造技術者","ガラス製品製造技術者、研削材製造技術者、セメント製造技術者、ファインセラミックス製品製造技術者、陶磁器製造技術者"
"","","","","","","089-99","他に分類されない製造技術者","原子力技術者（開発技術者を除く）、鉱山技術者（開発技術者を除く）、織布技術者（開発技術者を除く）、染色技術者（開発技術者を除く）、紡績技術者（開発技術者を除く）"
"","","09","建築・土木・測量技術者","091","建築技術者","091-01","建築設計技術者","建築構造設計技術者、建築設計士、建築設備設計技術者"
"","","","","","","091-02","建築工事監督","建築工事現場監督、建築施工管理技術者"
"","","","","","","091-99","他に分類されない建築技術者","耐震診断士（建築士であるもの）、建物検査員（建築士であるもの）"
"","","","","092","土木技術者","092-01","土木設計技術者","港湾設計技術者、造園設計技術者、鉄道線路設計技術者、土木施設設計技術者"
"","","","","","","092-02","土木工事監督","土木工事現場監督、土木施工管理技術者"
"","","","","","","092-99","他に分類されない土木技術者","工事検査官（地方整備局）、土木工事検査員"
"","","","","093","測量技術者","093-01","測量士",""
"","","","","","","093-98","測量士補",""
"","","10","情報処理・通信技術者","101","システムコンサルタント","101-01","システムコンサルタント","ITコンサルタント"
"","","","","102","システム設計技術者","102-01","システム設計技術者","システムアーキテクト、システムアナリスト、社内システムエンジニア（主にシステムの設計に従事するもの）"
"","","","","103","情報処理プロジェクトマネージャ","103-01","情報処理プロジェクトマネージャ","プロジェクトマネージャ（アプリケーションソフトウェア開発）、プロジェクトマネージャ（システム開発）"
"","","","","104","ソフトウェア開発技術者","104-01","ソフトウェア開発技術者（WEB・オープン系）","WEB系ソフトウェア開発技術者、オープン系ソフトウェア開発技術者、コンテンツ開発技術者（モバイルサイト）"
"","","","","","","104-02","ソフトウェア開発技術者（組込・制御系）","組込系ソフトウェア開発技術者、制御系ソフトウェア開発技術者"
"","","","","","","104-03","ソフトウェア開発技術者（汎用機系）","汎用機系ソフトウェア開発技術者"
"","","","","","","104-04","プログラマー","コーダー、ソフトウェアプログラマー"
"","","","","","","104-99","他に分類されないソフトウェア開発技術者","ソフトウェアテスト技術者"
"","","","","105","システム運用管理者","105-01","システム運用管理者","サーバー管理者、システム管理者、社内システムエンジニア（主にシステムの運用に従事するもの）、情報セキュリティ技術者、データベース管理者、テクニカルサポート技術員"
"","","","","106","通信ネットワーク技術者","106-01","通信ネットワーク技術者","電気通信技術者、電気通信施設技術者、ネットワーク技術者"
"","","","","109","その他の情報処理・通信技術者","109-99","その他の情報処理・通信技術者",""
"","","11","その他の技術者","119","その他の技術者","119-01","労働安全衛生技術者","作業環境測定士、労働安全コンサルタント"
"","","","","","","119-02","環境衛生技術者","下水処理技術者、し尿処理施設技術者、廃棄物処理施設技術管理者、水処理施設管理技術者"
"","","","","","","119-99","他に分類されない技術者","宇宙開発技術者、地質調査技術員、ボイラー検査員、高圧ガス設備保安検査員"
"","","12","医師、歯科医師、獣医師、薬剤師","121","医師","121-01","医師","外科医、産婦人科医、精神科医、小児科医、内科医"
"","","","","122","歯科医師","122-01","歯科医師",""
"","","","","123","獣医師","123-01","獣医師","家畜診療所獣医師、小動物臨床獣医師、動物病院獣医師、と畜検査員"
"","","","","124","薬剤師","124-01","薬剤師（調剤）","調剤薬局薬剤師、薬剤師（病院調剤所）"
"","","","","","","124-02","薬剤師（医薬品販売）","医薬品販売員（薬剤師）"
"","","","","","","124-99","他に分類されない薬剤師","医薬品管理薬剤師（医薬品卸売業）、治験コーディネーター（CRC：薬剤師であるもの）"
"","","13","保健師、助産師、看護師","131","保健師","131-01","保健師","保健師長"
"","","","","132","助産師","132-01","助産師","助産師長"
"","","","","133","看護師、准看護師","133-01","看護師","看護師長、治験コーディネーター（CRC：看護師であるもの）、訪問看護師"
"","","","","","","133-02","准看護師",""
"","","14","医療技術者","141","診療放射線技師","141-01","診療放射線技師 ","診療エックス線技師、レントゲン技師（医療）、放射線技師（医療）"
"","","","","142","臨床工学技士","142-01","臨床工学技士","臨床工学技士"
"","","","","143","臨床検査技師","143-01","臨床検査技師","衛生検査技師、心電図検査員、超音波検査員（臨床検査）"
"","","","","144","理学療法士","144-01","理学療法士","PT（理学療法士）"
"","","","","145","作業療法士","145-01","作業療法士","OT（作業療法士）"
"","","","","146","視能訓練士、言語聴覚士","146-01","視能訓練士","ORT（視能訓練士）"
"","","","","","","146-02","言語聴覚士","ST（言語聴覚士）"
"","","","","147","歯科衛生士","147-01","歯科衛生士",""
"","","","","148","歯科技工士","148-01","歯科技工士",""
"","","15","その他の保健医療の職業","151","栄養士、管理栄養士","151-01","栄養士","学校栄養士、病院栄養士、福祉施設栄養士"
"","","","","","","151-02","管理栄養士","管理栄養士"
"","","","","152","あん摩マッサージ指圧師、はり師、きゅう師","152-01","あん摩マッサージ指圧師","あん摩師、あん摩マッサージ師、指圧師、マッサージ師"
"","","","","","","152-02","はり師","鍼師"
"","","","","","","152-03","きゅう師","灸師"
"","","","","153","柔道整復師","153-01","柔道整復師","整骨医、接骨医"
"","","","","159","他に分類されない保健医療の職業","159-01","義肢装具士","義肢装具士"
"","","","","","","159-99","他に分類されないその他の保健医療の職業",""
"","","16","社会福祉の専門的職業","161","福祉相談・指導専門員","161-01","福祉相談員","家庭相談員、ケースワーカー（障害者更生相談所）、児童福祉司、障害者福祉司、相談員（児童相談所）、相談員（婦人相談所）、母子自立支援員、面接員（福祉事務所）"
"","","","","","","161-99","他に分類されない福祉相談・指導専門員","査察指導員、児童心理司、心理判定員、福祉事務所ケースワーカー、福祉事務所地区担当員"
"","","","","162","福祉施設指導専門員 ","162-01","老人福祉施設指導専門員","機能訓練指導員（老人福祉施設）、生活指導員（老人福祉施設）、生活相談員（老人福祉施設）"
"","","","","","","162-02","障害者福祉施設指導専門員","作業指導員、職業指導員、職能判定員、就労支援員（障害者施設）、生活支援員（障害者施設）"
"","","","","","","162-03","児童福祉施設指導専門員","児童指導員（児童養護施設）、児童自立支援専門員、児童生活支援員、少年指導員、母子指導員"
"","","","","163","保育士","163-01","保育士","保育士"
"","","","","169","その他の社会福祉の専門的職業","169-01","介護支援専門員","ケアマネージャー"
"","","","","","","169-02","医療ソーシャルワーカー","医療ソーシャルワーカー（MSW）、精神医療ソーシャルワーカー（PSW）、精神保健福祉士、病院ケースワーカー"
"","","","","","","169-99","他に分類されない社会福祉の専門的職業","心理カウンセラー（社会福祉施設）、スクールソーシャルワーカー、相談員（社会福祉協議会）、相談員（地域包括支援センター）、福祉用具専門相談員"
"","","17","法務の職業","171","裁判官","171-01","裁判官","判事"
"","","","","172","検察官","172-01","検察官",""
"","","","","173","弁護士","173-01","弁護士","弁護士"
"","","","","174","弁理士","174-01","弁理士","弁理士"
"","","","","175","司法書士","175-01","司法書士","司法書士"
"","","","","179","その他の法務の職業","179-01","土地家屋調査",""
"","","","","","","179-99","他に分類されない法務の職業","海難審判所審判官、公証人、裁判所書記官、裁判所調査官、特許庁審判官"
"","","18","経営・金融・保険の専門的職業","181","公認会計士","181-01","公認会計士","会計士補"
"","","","","182","税理士","182-01","税理士",""
"","","","","183","社会保険労務士","183-01","社会保険労務士","社会保険労務士"
"","","","","184","金融・保険専門職","184-01","金融・保険専門職","アクチュアリー、金融商品開発者、証券アナリスト、ファンドマネージャ、保険商品開発者"
"","","","","189","その他の経営・金融・保険の専門的職業","189-01","経営コンサルタント","経営指導員（商工会議所、商工会）、中小企業診断士"
"","","","","","","189-99","他に分類されない経営・金融・保険の専門的職業","インキュベーションマネージャ、農業協同組合監査士"
"","","19","教育の職業","191","幼稚園教員","191-01","幼稚園教員","幼稚園教諭、幼稚園養護教諭"
"","","","","192","小学校教員","192-01","小学校教員","小学校教諭、小学校養護教諭"
"","","","","193","中学校教員","193-01","中学校教員","中学校教諭、中学校養護教諭"
"","","","","194","高等学校教員","194-01","高等学校教員","高等学校教諭、高等学校養護教諭"
"","","","","195","中等教育学校教員","195-01","中等教育学校教員","中等教育学校教諭、中等教育学校養護教諭"
"","","","","196","特別支援学校教員","196-01","特別支援学校教員","特別支援学校教諭、特別支援学校養護教諭"
"","","","","197","高等専門学校教員","197-01","高等専門学校教員","高等専門学校教授、高等専門学校准教授、高等専門学校助教"
"","","","","198","大学教員","198-01","大学教員","大学教授、大学准教授、大学講師、大学助教"
"","","","","199","その他の教育の職業","199-01","専修学校教員","看護専門学校教員、経理・簿記専門学校教員、自動車整備専門学校教員、調理専門学校教員、デザイン専門学校教員、服飾専門学校教員、保育専門学校教員、理美容専門学校教員"
"","","","","","","199-02","各種学校教員","英会話学院教師（各種学校）、学習塾教師（各種学校）、自動車教習所指導員、日本語教師、予備校教師、料理学校教師（各種学校）"
"","","","","","","199-03","職業訓練指導員","職業訓練指導員（障害者職業能力開発校）、職業訓練指導員（職業能力開発促進センター）"
"","","","","","","199-04","研修施設教員","インストラクター（企業内従業員教育訓練専門員）"
"","","","","","","199-99","他に分類されない教育の職業","きょう正指導員、准看護師養成所教員"
"","","20","宗教家","201","宗教家","201-01","宗教家","キリスト教聖職者、神職、仏教僧侶"
"","","21","著述家、記者、編集者","211","著述家","211-01","文芸家","作詞家、作家、詩人、小説家、随筆家"
"","","","","","","211-02","翻訳家","翻訳者"
"","","","","","","211-03","コピーライター ","クリエイター（広告コピーを創作するもの）、ポップライター（店頭広告創案家）"
"","","","","","","211-99","他に分類されない著述家","脚本家、シナリオライター、評論家"
"","","","","212","記者","212-01","新聞・放送記者","新聞記者、新聞論説員、通信記者、放送記者"
"","","","","","","212-02","雑誌記者","雑誌記者"
"","","","","","","212-03","テクニカルライター","マニュアルライター"
"","","","","","","212-99","他に分類されない記者","スポーツライター、トラベルライター、ルポライター"
"","","","","213","編集者","213-01","新聞・雑誌・図書編集者","雑誌編集者、新聞編集員、図書編集者"
"","","","","","","213-99","他に分類されない編集者","映画編集者、社内報編集者（編集請負）、放送番組編成員"
"","","22","美術家、デザイナー、写真家、映像撮影者","221","彫刻家","221-01","彫刻家","美術彫刻家"
"","","","","222","画家、書家、漫画家","222-01","画家、書家","書道家、日本画家、版画家、洋画家"
"","","","","","","222-02","漫画家、イラストレーター","イラストレーター、劇画家、コミック作家、テクニカルイラストレーター"
"","","","","223","工芸美術家","223-01","工芸美術家","ガラス工芸家、漆工芸家、金属彫刻家、染織工芸家、陶芸家、刀匠、木工芸家"
"","","","","224","デザイナー","224-01","グラフィックデザイナー","広告デザイナー、サインデザイナー、パッケージデザイナー"
"","","","","","","224-02","ウェブデザイナー","ウェブクリエイター、Webデザイナー、ホームページデザイナー"
"","","","","","","224-03","ディスプレーデザイナー","商品装飾展示係、ショーウィンドウ飾付職"
"","","","","","","224-04","工業デザイナー","インダストリアルデザイナー、クラフトデザイナー、プロダクトデザイナー"
"","","","","","","224-05","インテリアデザイナー","インテリアコーディネーター、家具デザイナー、照明デザイナー、スペースデザイナー"
"","","","","","","224-06","服飾デザイナー ","アパレルデザイナー、テキスタイルデザイナー、ファッションデザイナー"
"","","","","","","224-99","他に分類されないデザイナー","アクセサリーデザイナー、カラーデザイナー、CGデザイナー、ジュエリーデザイナー、装丁家、ブックデザイナー、フラワーデザイナー"
"","","","","225","写真家、映像撮影者","225-01","写真家","営業写真家、カメラマン、商業写真家、フォトグラファー、報道写真家"
"","","","","","","225-02","映像撮影者","映画カメラマン、テレビカメラマン、動画カメラマン"
"","","","","","","225-98","写真家助手、映像撮影者助手","カメラマン助手、撮影助手"
"","","23","音楽家、舞台芸術家","231","音楽家","231-01","音楽家","演奏家、歌手、作曲家、指揮者、邦楽師"
"","","","","232","舞踊家","232-01","舞踊家","ステージダンサー、西洋舞踊家、日本舞踊家、バレリーナ"
"","","","","233","俳優","233-01","俳優","映画俳優、歌舞伎俳優、狂言師、声優、テレビ俳優、能師"
"","","","","234","プロデューサー、演出家","234-01","プロデューサー","アシスタントプロデューサー、番組制作者（放送）"
"","","","","","","234-02","演出家","アシスタントディレクター、映画監督、照明監督、美術監督、舞台演出家、舞台照明家、ディレクター（映画、放送）"
"","","","","235","演芸家","235-01","演芸家","奇術師、曲芸師、講談師、コメディアン、人形使い、漫才師、落語家、浪曲師"
"","","24","その他の専門的職業","241","図書館司書","241-01","図書館司書","司書、司書補"
"","","","","242","学芸員","242-01","学芸員","学芸員補"
"","","","","243","カウンセラー（医療・福祉施設を除く）","243-01","学生カウンセラー","学校カウンセラー、学校臨床心理士、スクールカウンセラー、青少年カウンセラー（教育委員会）"
"","","","","","","243-02","職場カウンセラー","職場カウンセラー"
"","","","","","","243-03","職業相談員","キャリアカウンセラー"
"","","","","","","243-99","他に分類されないカウンセラー（医療・福祉施設を除く）","心理カウンセラー（個人事業）、スクールアドバイザー"
"","","","","244","個人教師","244-01","教科学習補習教師 ","学習塾教師（各種学校でないもの）、家庭教師"
"","","","","","","244-02","パーソナルコンピュータ教室教師","パソコンインストラクター（個人に教授するもの）"
"","","","","","","244-03","スポーツ個人教師","スポーツインストラクター、スポーツクラブ指導員"
"","","","","","","244-99","他に分類されない個人教師","アウトドアインストラクター、囲碁教師、英会話教師、音楽教室講師、書道個人教師、生花個人教師、茶道個人教師、舞踊教師"
"","","","","245","職業スポーツ家","245-01","職業スポーツ家","スポーツ審判員、プロゴルファー、プロサッカー選手、プロ野球監督、プロ野球コーチ、プロ野球選手、力士"
"","","","","246","通信機器操作員","246-01","無線通信員","航空関係無線通信士、船舶関係無線通信士、総合無線通信士"
"","","","","","","246-02","無線技術員","テレビ放送技術員、特殊無線技士、放送中継係員、ラジオ放送技術員"
"","","","","","","246-03","有線通信員","有線通信操作員、有線放送技術員"
"","","","","","","246-99","他に分類されない通信機器操作員","航空管制官、音響技術員、ミキサー（テレビ・ラジオ）、スイッチャー（映像切換操作員）、録音技術員"
"","","","","249","他に分類されない専門的職業","249-01","行政書士","行政書士"
"","","","","","","249-02","不動産鑑定士","不動産鑑定士"
"","","","","","","249-03","ラジオ・テレビアナウンサー","アナウンサー、天気予報解説者（気象予報士）、テレビ・ラジオ司会者"
"","","","","","","249-04","通訳","英語通訳、手話通訳者"
"","","","","","","249-05","速記者","速記者"
"","","","","","","249-06","調律師","ピアノ調律師"
"","","","","","","249-07","調教師","犬訓練士、馬調教師"
"","","","","","","249-08","通関士","通関士"
"","","","","","","249-99","他に分類されないその他の専門的職業","アートディレクター、企業信用調査員、検数人（検数協会）、広告ディレクター、サーチャー（特許）、調香師、美術品補修員"
"C","事務的職業","25","一般事務の職業","251","総務事務員","251-01","総務事務員","株式事務員、広報係事務員、庶務係事務員、総務係事務員、文書係事務員"
"","","","","252","人事事務員","252-01","人事係事務員","求人係事務員、給与係事務員、人事管理事務員、福利厚生事務員、労務管理係"
"","","","","","","252-02","教育・研修係事務員","研修係事務員、研修企画事務員"
"","","","","253","企画・調査事務員","253-01","企画係事務員（商品企画を除く）","イベントプランナー、営業企画係（企画が主であるもの）、経営企画事務員、資材計画係事務員、生産計画事務員、店舗開発事務員、販売企画事務員、販売促進部員、マーケティング企画事務員"
"","","","","","","253-02","商品企画事務員","出版物企画員、商品開発部員"
"","","","","","","253-03","調査事務員","マーケッター、マーケティングリサーチャー"
"","","","","254","受付・案内事務員","254-01","会社・団体受付係","案内係（会社）、会社受付係"
"","","","","","","254-99","他に分類されない受付・案内事務員","カウンター受付係（図書館、博物館）、銀行店頭案内人、自動車整備工場フロント係、ショールーム受付係、美容室受付係（美容師でないもの）"
"","","","","255","秘書","255-01","秘書","会社社長秘書、セクレタリー"
"","","","","256","電話応接事務員","256-01","電話交換手","案内台交換手、構内電話交換手、国際電話オペレーター"
"","","","","","","256-02","コールセンターオペレーター","お客様相談室係（電話によるもの）、通信販売受付事務員（電話によるもの）、テレコミュニケーター、電話調査オペレーター"
"","","","","","","256-03","テレフォンアポインター","電話事務員（勧誘に従事するもの）"
"","","","","","","256-99","他に分類されない電話応接事務員",""
"","","","","257","総合事務員","257-01","総合事務員 ","一般事務員"
"","","","","","","257-97","事務補助員","宛名書人、会社メール係、補助事務員、臨時事務員"
"","","","","258","医療・介護事務員","258-01","医療事務員","医療秘書、健康保険請求事務員、歯科医療請求事務員、調剤薬局事務員、病院受付係、病棟クラーク"
"","","","","","","258-02","介護事務員","介護保険事務員、介護保険請求事務員"
"","","","","259","その他の一般事務の職業","259-01","通信販売受付事務員（電話を除く）","インターネット通販受付事務員"
"","","","","","","259-02","診療情報管理係事務員","診療情報管理士、診療録係員、病歴係"
"","","","","","","259-99","他に分類されない一般事務の職業","船舶パーサー、法務係事務員"
"","","26","会計事務の職業","261","現金出納事務員","261-01","現金出納事務員","ガス料金収納事務員、支払出納事務員、支払窓口事務員、社会保険料徴収係員、出納事務員、水道料金収納事務員、徴税係員、電気料金収納事務員、電話料金収納事務員、放送受信料収納事務員"
"","","","","262","銀行等窓口事務員","262-01","銀行等窓口事務員","銀行窓口係、信用金庫窓口係、テラー、郵便局貯金窓口係、預貯金係員"
"","","","","263","経理事務員","263-01","経理事務員","会計経理事務員、会計事務員、税務会計事務員（公認会計士事務所、税理士事務所）"
"","","","","269","その他の会計事務の職業","269-01","予算係事務員","予算係員、予算事務員"
"","","","","","","269-02","用度係事務員","消耗品出納事務員、物品購入調達事務員、物品購買事務員"
"","","","","","","269-03","原価計算・見積事務員","原価計算事務員、建築積算事務員、設計見積係員、引越見積員"
"","","","","","","269-99","他に分類されない会計事務の職業","財務事務員、投資信託計理事務員"
"","","27","生産関連事務の職業","271","生産現場事務員","271-01","生産・工程管理事務員","工程管理事務員、資材仕入事務員、生産管理事務員、製品原価管理事務員"
"","","","","","","271-02","他に分類されない生産現場事務員","建設工事現場事務員、現場記録事務員、鉱山現場事務員"
"","","","","272","出荷・受荷係事務員 ","272-01","クリーニング等受入係員","クリーニング注文受入事務員、クリーニング取次所従事者、DPEショップ店員、デジタル写真プリント注文受入事務員"
"","","","","","","272-02","検収・検品係員 ","検品検収員、資材検収事務員、倉庫検収係員、納品検査係員"
"","","","","","","272-03","保管・管理係員","在庫管理事務員、資材管理事務員、商品管理係、倉庫管理係"
"","","","","","","272-04","出荷・発送係員","運送事務員、出荷事務員、出庫管理係、船積出荷係員"
"","","28","営業・販売関連事務の職業","281","営業・販売事務員","281-01","仕入係事務員","外注係、商品仕入係"
"","","","","","","281-02","販売係事務員 ","宴会係事務員、結婚式予約・相談係、信用調査事務員、ブライダルコーディネーター、旅行会社カウンター係"
"","","","","","","281-03","営業事務員","営業アシスタント、受発注管理事務員"
"","","","","","","281-04","貿易事務員","通関業務係、輸出入事務員"
"","","","","","","281-05","金融・保険事務員","貸付調査係事務員、貸付融資係事務員、損害査定係事務員、保険金支払係事務員、有価証券売買事務員、郵便局保険窓口係"
"","","","","289","その他の営業・販売関連事務の職業","289-99","その他の営業・販売関連事務の職業","中古自動車査定員、店舗巡回指導員、フランチャイズチェーン・スーパーバイザー、ラウンダー、労働者派遣コーディネーター"
"","","29","集金人","291","集金人","291-01","集金人","公衆電話料金集金人、自動サービス機集金人、新聞購読料集金人、料金集金人（電気・ガス・水道）"
"","","","","292","訪問調査員","291-02","訪問調査員","市場調査員（訪問調査）、統計調査員（訪問調査）"
"","","","","299","その他の外勤事務の職業","299-01","検針員","温泉メーター検針員、ガスメーター検針員、水道メーター検針員、電気メーター検針員"
"","","","","","","299-99","他に分類されない外勤事務の職業","交通量調査員、車庫調査員"
"","","30","運輸・郵便事務の職業","301","旅客・貨物係事務員 ","301-01","運輸出改札・旅客係","駅出改札係、駅務員、航空券販売員（航空会社）、空港旅客係、座席予約装置操作員（交通機関、旅行社）、船客案内係、鉄道旅客係"
"","","","","","","301-02","有料道路料金収受員","料金係（有料道路）、料金収受員（有料道路、高速道路）"
"","","","","","","301-03","貨物受付事務員","貨物係、航空貨物係、鉄道貨物係"
"","","","","302","運行管理事務員","302-01","鉄道運行管理事務員","車両管理係事務員、鉄道運転計画事務員、鉄道運転司令"
"","","","","","","302-02","貨物自動車運行管理事務員","貨物運送運行管理者、貨物運送事務員、トラック配車係"
"","","","","","","302-03","旅客自動車運行管理事務員","タクシー運行管理事務員、タクシー配車オペレーター、ハイヤー管理事務員、バス運行管理員"
"","","","","","","302-04","船舶運航管理事務員","海運運航管理事務員、配船・運航計画事務員"
"","","","","","","302-05","航空運航管理事務員","航空運航管理者、航空ディスパッチャー"
"","","","","303","郵便事務員","303-01","郵便窓口事務員","郵便局小包係、郵便局郵便窓口係"
"","","","","","","303-02","郵便内務事務員 ","郵便区分員、郵便継送係員、郵便内務員"
"","","31","事務用機器操作の職業","311","パーソナルコンピュータ操作員","311-01","パーソナルコンピュータ操作員","パソコンオペレーター、PCオペレーター"
"","","","","312","データ入力係員","312-01","データ入力係員","キーパンチャー、データエントリー係員、データ入力オペレーター"
"","","","","313","コンピュータ操作員（パーソナルコンピュータを除く）","313-01","コンピュータ操作員（パーソナルコンピュータを除く）","オフコン操作員、電子計算機オペレーター、汎用機オペレーター、メインフレームオペレーター"
"","","","","319","その他の事務用機器操作の職業","319-99","その他の事務用機器操作の職業","OCR（光学式文字読取装置）オペレーター、電子複写機操作員"
"D","販売の職業","32","商品販売の職業","321","小売店主・店長","321-01","コンビニエンスストア店長","コンビニエンスストア店長（主に販売の仕事に従事するもの）"
"","","","","","","321-02","ガソリンスタンド支配人","ガソリンスタンド支配人（主に販売の仕事に従事するもの）"
"","","","","","","321-99","他に分類されない小売店主・店長","家電量販店店長（主に販売の仕事に従事するもの）、小売店主（主に販売の仕事に従事するもの）、ドラックストア店長（薬剤師ではないもの：主に販売の仕事に従事するもの）、ホームセンター店長（主に販売の仕事に従事するもの）、洋服小売店店長（主に販売の仕事に従事するもの）"
"","","","","322","卸売店主・店長","322-01","卸売店主・店長 ","飲食料品卸売店主（主に販売の仕事に従事するもの）、卸売店長（主に販売の仕事に従事するもの）、建築資材卸売店主（主に販売の仕事に従事するもの）、飼料・肥料卸売店主（主に販売の仕事に従事するもの）"
"","","","","323","小売店販売員","323-01","レジ係 ","キャッシャー、レジチェッカー、レジスター係"
"","","","","","","323-02","百貨店・スーパーマーケット販売店員","スーパーマーケット店員、スーパーマーケット販売員、デパート店員、百貨店販売員"
"","","","","","","323-03","コンビニエンスストア店員","コンビニエンスストア店員"
"","","","","","","323-04","衣服・身の回り品販売店員","かばん販売店員、くつ販売店員、子供服販売店員、シューフィッター、寝具販売店員、男子服販売店員、婦人服販売店員、リサイクルショップ販売店員（古着）"
"","","","","","","323-05","飲食料品販売店員 ","菓子・パン販売店員、コーヒーショップ店員、食料品販売店員、ハンバーガーショップ店員、ベーカリーショップ店員"
"","","","","","","323-06","自動車販売店員 ","中古車販売員"
"","","","","","","323-07","電気機器販売店員","家電量販店販売員、中古電気製品販売店員、電器店員"
"","","","","","","323-08","医薬品・化粧品販売店員","医薬品登録販売者、化粧品販売員、美容部員"
"","","","","","","323-09","ガソリンスタンド販売員","ガソリンスタンドサービスマン、セルフスタンド店員"
"","","","","","","323-99","他に分類されない小売店販売員","駅構内売店販売員、家具販売店員、楽器販売店員、眼鏡販売員、玩具店店員、CDショップ店員、携帯電話販売店員、古書店員、自転車販売店員、ジュエリー製品販売店員、書店店員、スポーツ用品販売店員、中古ゲーム用ソフト販売店員、中古ジュエリー製品販売店員、ホームセンター店員、時計販売店員、フラワーショップ店員、文房具販売店員、ペットショップ店員"
"","","","","324","卸売・商品実演販売員","324-01","卸売販売員","卸売店販売員、水産仲買店員、青果仲買店員、繊維卸店員"
"","","","","","","324-02","商品実演販売員","商品販売実演者、デモンストレーター（実演者：販売店員）、ファッションマネキン、マネキン販売員（実演販売を行うもの）"
"","","","","325","商品訪問・移動販売員","325-01","商品訪問販売員","家庭薬配置員、行商人、化粧品訪問販売員"
"","","","","","","325-02","移動販売員","映画館中売人、豆腐呼売人、列車内販売員"
"","","","","","","325-03","露店販売員","屋台飲食物販売人、露店商"
"","","","","326","再生資源回収・卸売人","326-01","再生資源回収・卸売人","再生資源卸売人、再生資源回収人（卸売まで行うもの）、再生資源仲買人、リサイクル品回収人（卸売まで行うもの）"
"","","","","327","商品仕入営業員","327-01","商品仕入営業員","仕入営業員、仕入係（外勤を主とするもの）、バイヤー"
"","","33","販売類似の職業","331","不動産仲介・売買人 ","331-01","不動産仲介・売買人","土地建物仲立人、土地建物売買人、不動産仲介人、不動産売買人"
"","","","","332","保険代理人、保険仲立人","332-01","保険代理人","生命保険代理店主、保険代理店主"
"","","","","","","332-02","保険仲立人","保険ブローカー"
"","","","","333","有価証券売買・仲立人、金融仲立人","333-01","有価証券売買・仲立人","証券会社店頭係、証券外務員（内勤のもの）"
"","","","","","","333-02","金融仲立人","株式トレーダー、為替ディーラー、債券トレーダー"
"","","","","334","質屋店主・店員","334-01","質屋店主・店員","質物鑑定人、質屋店員、質屋貸付係"
"","","","","339","その他の販売類似の職業","339-01","商品仲立人","卸売市場仲卸人、ゴルフ会員権販売員、仲介人（商品仲介業）"
"","","","","","","339-02","宝くじ等販売人","場外投票券売場窓口係、宝くじ販売人、払戻窓口係員（競馬・競輪場、場外売場）、プレイガイド店員"
"","","","","","","339-03","競売人","卸売市場せり人"
"","","","","","","339-99","他に分類されない販売類似の職業","交換人（パチンコ景品交換所）、商品券販売員、チケットショップ店員、両替業務員"
"","","34","営業の職業","341","飲食料品販売営業員","341-01","飲食料品販売営業員","飲食料品営業部員、飲食料品ルート営業員"
"","","","","342","化学品販売営業員（医薬品を除く）","342-01","化学品販売営業員（医薬品を除く）","化学品営業部員、化学品ルート営業員"
"","","","","343","医薬品営業員 ","343-01","医薬品営業員 ","医薬情報担当者、営業員（医薬品卸売業）、MR"
"","","","","344","機械器具販売営業員","344-01","機械器具販売営業員","機械部品販売営業員、技術営業員（一般機械）、金属加工機械販売営業員、建設機械製造受注営業員、生産用機械器具販売営業員、セールスエンジニア（一般機械）、半導体製造装置販売営業員"
"","","","","","","344-02","電気機械器具販売営業員","医療用電子機器販売営業員、技術営業員（電気機器）、セールスエンジニア（電気機器）、電気計測器販売営業員、電子応用装置製造受注営業員、電子機器部品販売営業員、電子計算機販売営業員、パーソナルコンピュータ販売営業員、発送電用電気機械器具製造受注営業員、民生用電気機械器具販売営業員"
"","","","","","","344-03","自動車販売営業員 ","自動車営業員"
"","","","","","","344-99","他に分類されない機械器具販売営業員","カメラ販売営業員、光学機器販売営業員、船舶製造受注営業員、鉄道車両製造受注営業員、時計販売営業員"
"","","","","345","通信・情報システム営業員","345-01","通信営業員","通信回線営業員、通信機器販売営業員"
"","","","","","","345-02","情報システム営業員","システム営業部員、システム開発営業員"
"","","","","346","金融・保険営業員","346-01","銀行等渉外係","銀行渉外係、信用金庫渉外係、信用組合渉外係"
"","","","","","","346-02","証券営業員","証券外務員（外勤のもの）"
"","","","","","","346-03","保険営業員","生命保険営業員、損害保険営業員、保険営業職員"
"","","","","347","不動産営業員","347-01","不動産営業員","住宅・不動産会社営業部員、住宅リフォーム営業員、宅地建物営業員、用地仕入営業員"
"","","","","349","その他の営業の職業","349-01","旅行営業員","旅行営業員"
"","","","","","","349-02","広告営業員","アカウントエグゼクティブ（広告代理業）、広告会社営業部員"
"","","","","","","349-03","製造受注営業員","印刷営業員、建設工事営業員"
"","","","","","","349-04","会員勧誘員","冠婚葬祭会員募集員、ゴルフ場会員募集員、スポーツクラブ会員募集員、リゾートクラブ会員募集員、レジャークラブ会員募集員"
"","","","","","","349-05","新聞拡張員","新聞販売拡張員"
"","","","","","","349-99","他に分類されない営業の職業","外務員（商品取引業）、パッケージソフトウェア販売営業員"
"E","サービスの職業","35","家庭生活支援サービスの職業","351","家政婦（夫）、家事手伝","351-01","家政婦（夫）、家事手伝","お手伝い、介護家政婦、家事代行員"
"","","","","359","その他の家庭生活支援サービスの職業","359-01","ベビーシッター","チャイルドシッター、乳幼児シッター、乳幼児世話人（個人家庭）"
"","","","","","","359-99","他に分類されない家庭生活支援サービスの職業","洗たく人（個人家庭）、料理人（個人家庭）"
"","","36","施設介護員","361","施設介護員","361-01","施設介護員","ケアワーカー（医療施設、老人福祉施設）、介護サービス員（老人保健施設）"
"","","","","362","訪問介護職","362-01","訪問介護員","在宅介護員、在宅ケアワーカー、訪問介護サービス員、ホームヘルパー"
"","","","","","","362-02","訪問入浴介助員","在宅入浴介助員、在宅入浴サービス員、訪問入浴サービス員、訪問入浴ヘルパー"
"","","37","保健医療サービスの職業","371","看護助手","371-01","看護助手","看護アシスタント、看護ヘルパー、看護補助者"
"","","","","372","歯科助手","372-01","歯科助手","歯科アシスタント、歯科補助者"
"","","","","379","その他の保健医療サービスの職業","379-01","動物病院助手","アニマルヘルステクニシャン、獣医補助者、動物衛生看護士、動物病院アシスタント、動物病院看護補助者"
"","","","","","","379-99","他に分類されない保健医療サービスの職業","検眼助手、調剤助手、リハビリ助手"
"","","38","生活衛生サービスの職業","381","理容師","381-01","理容師","管理理容師、床屋、理髪師"
"","","","","382","美容師","382-01","美容師","髪結師、管理美容師、スタイリスト（美容師）、メークアップアーティスト"
"","","","","383","美容サービス職","383-01","着付師","衣装着付師"
"","","","","","","383-02","エステティシャン","美顔術師"
"","","","","","","383-03","ネイリスト","ネイル・アーティスト、ペディキュア師、マニキュア師"
"","","","","","","383-99","他に分類されない美容サービス職","かつら結髪師、床山、ヘアメイク係（美容師ではないもの）"
"","","","","384","浴場従事人","384-01","浴場従事人","温泉浴場従事人、サウナ支配人（主に浴場業務に従事するもの）、銭湯経営者（主に浴場業務に従事するもの）、番台、ヘルスセンター浴場従事人、浴場清掃員"
"","","","","385","クリーニング職","385-01","クリーニング工 ","貸おしぼり洗たく工、クリーニング師、しみ抜き工、洗たく工、ドライクリーニング工、リネンサプライ業従事者（洗たくに従事するもの）"
"","","","","","","385-02","クリーニング仕上工","アイロン仕上工（クリーニング）、クリーニングプレス工、洗たく整理工、洗たくプレス工、リネンサプライ業従事者（洗たくの仕上げに従事するもの）"
"","","","","389","その他の生活衛生サービスの職業","389-01","洗張職","洗張工、湯のし工"
"","","","","","","389-97","理容師・美容師補助者","美容師アシスタント、美容師補助者、理容師アシスタント、理容師補助者"
"","","39","飲食物調理の職業","391","調理人","391-01","日本料理調理人","板前、うどん料理人、そば料理人、天ぷら揚げ職人（飲食店）、ふぐ調理師、和食調理人"
"","","","","","","391-02","すし職人","すし職人（回転すし）、にぎりずし職人（飲食店）"
"","","","","","","391-03","西洋料理調理人","イタリア料理調理人、コック、シェフ、パティシエ（飲食店）、フランス料理調理人、洋食調理人"
"","","","","","","391-04","中華料理調理人","中国料理調理人、ラーメン調理人"
"","","","","","","391-05","給食調理人","機内食製造工、給食係員、給食センター調理人、社員食堂調理人、調理人（病院）"
"","","","","","","391-97","調理補助者","調理助手、調理手伝人"
"","","","","","","391-98","調理人見習","すし職人（見習）、西洋料理調理人（見習）、中華料理調理人（見習）、日本料理調理人（見習）"
"","","","","","","391-99","他に分類されない調理人","居酒屋調理人、喫茶店調理人、漁船司厨員、出張料理調理人、大衆食堂調理人、持ち帰り弁当調理人"
"","","","","392","バーテンダー","392-01","バーテンダー","バーテン、バーテンダー見習"
"","","40","接客・給仕の職業","401","飲食店主・店長","401-01","レストラン店長","ファミリーレストラン店長（主に接客の仕事に従事するもの）、レストラン店長（主に接客の仕事に従事するもの）"
"","","","","","","401-99","他に分類されない飲食店主・店長","居酒屋店長（主に接客の仕事に従事するもの）、ハンバーガー店マネージャー（主に接客の仕事に従事するもの）"
"","","","","402","旅館・ホテル支配人","402-01","旅館・ホテル支配人","番頭（旅館）、ペンション経営者（主に接客の仕事に従事するもの）、ホテル支配人（主に接客の仕事に従事するもの）、旅館支配人（主に接客の仕事に従事するもの）、旅館主（主に接客の仕事に従事するもの）"
"","","","","403","飲食物給仕係","403-01","配ぜん人","ウエイター（宴会場）、ウエイトレス（宴会場）、配ぜん係"
"","","","","","","403-02","ウエイター・ウエイトレス（飲食店ホール係）","ウエイター（飲食店）、ウエイトレス（飲食店）、フロア係（飲食店）、フロアスタッフ（飲食店）、ホール係（飲食店）、ホールスタッフ（飲食店）"
"","","","","","","403-03","ソムリエ","ソムリエール"
"","","","","404","旅館・ホテル・乗物接客員","404-01","旅館・ホテルフロント係","ホテルフロント係、予約係（ホテル）、予約係（旅館）、旅館フロント係"
"","","","","","","404-02","旅館・ホテル接客係","接客係（ホテル）、接客係（旅館）、ドアマン、ベルパーソン、ベルボーイ・ベルガール、ホテル案内係、ホテルサービス係、旅館案内係、旅館サービス係"
"","","","","","","404-03","旅館・ホテル客室係","客室係（ホテル）、客室係（旅館）、仲居、ハウスキーパー（客室係）、ベッドメーク係、ルーム係"
"","","","","","","404-04","乗物客室係","キャビンアテンダント、航空客室乗務員、スチュワーデス、スチュワード、船室係、船舶旅客係、フライトアテンダント"
"","","","","405","接客社交係、芸者、ダンサー","405-01","接客社交係","コンパニオン（バー）、コンパニオン（クラブ）、接客係（バー）、接客係（クラブ）、ホステス、ホスト"
"","","","","","","405-02","芸者、ダンサー","芸妓、フロアダンサー、舞妓"
"","","","","406","娯楽場等接客員","406-01","娯楽場等支配人","映画館支配人（主に接客の仕事に従事するもの）、ゲームセンター管理人（主に接客の仕事に従事するもの）、ゴルフ場支配人（主に接客の仕事に従事するもの）、パチンコ店支配人（主に接客の仕事に従事するもの）"
"","","","","","","406-02","娯楽場等接客係","インフォメーション係（娯楽場）、カウンター係（娯楽場）、景品交換係（パチンコ店）、娯楽場出・改札係、娯楽場放送係、座席案内係（娯楽場）、接客係（娯楽場）、入場券販売係（娯楽場）、フロント係（娯楽場）"
"","","","","","","406-03","娯楽場等遊戯施設係","アトラクション係（遊戯施設）、貸遊具係、ゲームセンター機械係、乗物運転操作員（遊園地）、ホール係（パチンコ店）、遊園地施設係、遊戯機械係、遊戯施設係、遊戯装置係、遊具オペレーター"
"","","","","","","406-04","スポーツ施設係","キャディマスター、ゴルフ場係員、ゴルフ場フロント係、スポーツクラブ係員、スポーツ・クラブハウス係、スポーツセンター係員、スポーツ用具貸出係、テニス場係員、フィットネスクラブ係員、フロント係（ゴルフ場）"
"","","","","","","406-05","キャディ","ハウスキャディ"
"","","","","409","その他の接客・給仕の職業","409-99","その他の接客・給仕の職業","案内係（百貨店）、接客係（百貨店）"
"","","41","居住施設・ビル等の管理の職業","411","マンション・アパート・下宿管理人","411-01","マンション・アパート・下宿管理人","アパート管理人、下宿管理人、住宅施設管理人、住込管理人（マンション）、フロント係（マンション）、マンション管理人"
"","","","","412","寄宿舎・寮管理人","412-01","寄宿舎・寮管理人","合宿所管理人、寄宿舎管理人、寄宿舎世話係、舎監、社宅管理人、住込管理人（寄宿舎・寮）、世帯寮管理人、独身寮管理人、寮管理人"
"","","","","413","ビル管理人","413-01","ビル管理人","ビル管理員"
"","","","","414","駐車場・駐輪場管理人","414-01","駐車場・駐輪場管理人","駐車場係、駐車場管理人、駐車場誘導員、駐輪場管理人、パーキングメーター管理人"
"","","","","419","その他の居住施設・ビル等の管理の職業","419-01","別荘管理人","貸別荘管理人"
"","","","","","","419-99","他に分類されない居住施設・ビル等の管理の職業","公民館管理人、スポーツ競技場管理人、体育館管理人、託児所管理人"
"","","42","その他のサービスの職業","421","添乗員、観光案内人","421-01","添乗員","ツアーエスコート、ツアーコンダクター、旅行添乗員"
"","","","","","","421-02","観光案内人","アルパインガイド、観光通訳案内人、通訳案内士、通訳ガイド、登山案内人、トラベルガイド、名所・旧跡案内人、旅行・観光案内人、旅行・観光ガイド"
"","","","","422","物品一時預り人","422-01","物品一時預り人","クローク係、コインロッカー管理人、手荷物一時預り人"
"","","","","423","物品賃貸人","423-01","物品賃貸人","貸衣装人、自転車賃貸人、レンタルショップ店員、レンタカー営業所員"
"","","","","424","広告宣伝人","424-01","広告宣伝員","キャンペーン宣伝員、コマーシャルモデル、イベントコンパニオン、ショールーム員、ファッションモデル"
"","","","","","","424-02","チラシ配布員","ビラ配り人、ポスティング人"
"","","","","425","葬儀師、火葬係","425-01","葬儀師","葬儀セレモニー準備人、葬儀店員、葬祭飾付人、葬祭ディレクター、湯灌師"
"","","","","","","425-02","火葬係","火葬作業員、火葬場現業員"
"","","","","426","トリマー","426-01","トリマー","グルーマー"
"","","","","429","他に分類されないサービスの職業","429-01","ポーター","手回品運搬人"
"","","","","","","429-02","学童保育指導員 ","学童保育指導員"
"","","","","","","429-03","カイロプラクティック・アロマセラピー等従事人","アロマセラピスト、カイロプラクター、整体師、タラソテラピスト、リフレクソロジスト"
"","","","","","","429-99","他に分類されないその他のサービスの職業","易者、エレベーター係、介添役（結婚式場）、家庭保育員、祈とう師、靴みがき人、結婚式場司会者、結婚相談員、コインランドリー管理人、職業紹介あっせん人（民営職業紹介）、寝具消毒乾燥人、人生相談員、美術モデル、ペットシッター、便利屋、保育補助者、保育ママ、巫女、野犬捕獲員、旅行案内係（旅行・観光案内所）、霊園管理者"
"F","保安の職業","43","自衛官","431","自衛官","431-01","自衛官","陸上自衛官、陸上自衛隊員、海上自衛官、海上自衛隊員、航空自衛官、航空自衛隊員、防衛大学校学生、防衛医科大学校学生"
"","","44","司法警察職員","441","警察官","441-01","警察官","刑事、空港警察署員、皇宮護衛官、水上警察隊員、鉄道警察隊員"
"","","","","442","海上保安官","442-01","海上保安官","巡視船乗組員、巡視艇乗組員"
"","","","","449","その他の司法警察職員","449-01","その他の司法警察職員","漁業監督官、狩猟取締特別司法警察官、麻薬取締官"
"","","45","その他の保安の職業","451","看守","451-01","看守","刑務官（管理職を除く）"
"","","","","452","消防員","452-01","消防員","救急救命士（消防員）、救急隊員、空港消防員、私設消防員、消防官、消防士、消防隊員、レスキュー隊員"
"","","","","453","警備員","453-01","施設警備員","駅警備員、ガードウーマン、ガードマン、機械警備員、空港警備員、刑事施設警備員、守衛、倉庫警備員、駐車場警備員、ビル警備員、夜警員"
"","","","","","","453-99","他に分類されない警備員","機械警備管制員、貴重品運搬警備員、現金輸送員、国会衛視、身辺警護員、法廷警備員、ボディガード"
"","","","","459","他に分類されない保安の職業","459-01","道路管理員","交通巡視員、道路監理員、道路パトロール隊員"
"","","","","","","459-02","道路交通誘導員","建設現場交通誘導員、交通誘導員、道路工事現場交通誘導員"
"","","","","","","459-03","雑踏警備員","イベント警備員、会場整備員、催事警備員"
"","","","","","","459-04","プール・海水浴場監視員","海水浴場監視員、水泳場監視員、プール監視員、ライフガード"
"","","","","","","459-99","他に分類されないその他の保安の職業","自然保護官（レンジャー）、児童交通擁護員、駐車監視員、入国警備官、列車見張員（保線工事）"
"G","農林漁業の職業","46","農業の職業","461","農耕作業員","461-01","稲作・畑作作業員 ","いも類栽培作業員、雑穀栽培作業員、水稲栽培作業員、豆類栽培作業員、野菜栽培作業員"
"","","","","","","461-02","園芸・工芸作物栽培作業員","い草栽培作業員、植木栽培作業員、 花き栽培者、果樹栽培者、芝栽培作業員、たばこ栽培作業員、茶栽培作業員"
"","","","","","","461-03","きのこ栽培作業員","えのきだけ栽培作業員、きのこ類製造作業員（工場生産）、椎茸栽培作業員、舞茸栽培作業員、マッシュルーム栽培作業員"
"","","","","","","461-04","ハウス野菜栽培作業員","温室野菜栽培作業員、そ菜栽培作業員（ハウス栽培）"
"","","","","","","461-99","他に分類されない農耕作業員","椎茸種駒製造作業員、種苗栽培員（農業）、植物園栽培係員、農園管理人、農耕用トラクター運転手、もやし製造作業員（工場生産）"
"","","","","462","養畜作業員","462-01","肉牛・乳牛飼育作業員","搾乳作業員、肉牛飼育作業員、乳牛飼育作業員、酪農作業員、酪農ヘルパー"
"","","","","","","462-02","養豚作業員","豚舎作業員、豚飼育管理作業員、養豚場作業員"
"","","","","","","462-03","養鶏作業員","鶏舎作業員、集卵作業員（養鶏場）、鶏飼育管理作業員、ブロイラー飼育作業員"
"","","","","","","462-04","動物飼育係","愛がん用動物飼育作業員、研究用動物世話係、実験動物飼育係、動物園飼育係"
"","","","","","","462-05","きゅう務員","競走馬飼育作業員、種馬飼育作業員"
"","","","","","","462-06","養蚕作業員","蚕飼育員、蚕種製造作業員、収繭作業員"
"","","","","","","462-99","他に分類されない養畜作業員","動物繁殖作業員、ブリーダー、牧場作業員、養蜂作業員"
"","","","","463","植木職、造園師","463-01","植木職","植木屋、庭木屋"
"","","","","","","463-02","造園師","ゴルフ場芝植付作業員、芝植付作業員（造園業）、造園技能士、築庭作業員、庭師"
"","","","","","","463-98","植木職見習、造園師見習","植木職（見習）、造園師（見習）"
"","","","","469","その他の農業の職業","469-01","その他の農業の職業","装てい師、農業用水管理員、農薬散布作業員"
"","","47","林業の職業","471","育林作業員","471-01","地ごしらえ・植林作業員","山林苗木植付作業員、林業地ごしらえ作業員"
"","","","","","","471-02","下刈・枝打作業員","山林枝打作業員、山林下刈作業員、除伐作業員"
"","","","","","","471-99","他に分類されない育林作業員","林木計測作業員、雪起作業員"
"","","","","472","伐木・造材・集材作業員","472-01","伐木・造材・集材作業員","運材作業員、間伐作業員、集材作業員、造材作業員、伐木作業員"
"","","","","479","その他の林業の職業","479-01","山菜・うるし等採取作業員","うるし採取作業員、きのこ採取作業員、特用林産物採取作業員、まつたけ採取作業員、わらび採取作業員"
"","","","","","","479-02","山林監視員","山林管理人、山林保安係員、山林見回り作業員"
"","","","","","","479-03","製炭・製薪作業員","炭焼作業員、薪割作業員"
"","","","","","","479-99","他に分類されない林業の職業","山林苗木栽培作業員、山林病害虫防除作業員、種苗栽培作業員（林業）、狩猟員、鳥獣保護員、動物捕獲作業員"
"","","48","漁労作業員","481","漁労作業員","481-01","海面漁労作業員","沿岸漁業者、地びき網ひき作業員、潜水漁師、定置網漁師"
"","","","","","","481-02","漁船甲板員","いか釣り漁師、漁船乗組員、漁労船機関部員、漁労船操舵手、漁労長、刺網漁師、敷網漁師、底引き網漁師、はえなわ漁師、巻網漁師"
"","","","","","","481-03","内水面漁労作業員 ","あゆ漁師、鵜匠、うなぎ漁師、川魚漁師、投網漁師、内水面漁師"
"","","","","482","漁労船の船長・航海士・機関長・機関士","482-01","漁労船の船長・航海士・機関長・機関士","漁労船機関士、漁労船機関長、漁労船航海士、漁労船船長"
"","","","","483","海藻・貝類採取作業員","483-01","海藻・貝類採取作業員","うに採取作業員、昆布採取作業員、しじみ採取作業員、水産あま（海女・海士）、のり採取作業員"
"","","","","484","水産養殖作業員","484-01","魚類養殖作業員","うなぎ養殖作業員、金魚養殖作業員、鯉養殖作業員、たい養殖作業員、はまち養殖作業員、ふぐ養殖作業員"
"","","","","","","484-02","貝類養殖作業員","かき養殖作業員、しじみ養殖作業員、帆立貝養殖作業員"
"","","","","","","484-03","真珠養殖作業員","真珠筏管理員、真珠核入作業員、真珠玉入作業員、養殖真珠貝掃除作業員"
"","","","","","","484-04","のり・わかめ等養殖作業員","昆布養殖作業員、のり養殖作業員、わかめ養殖作業員"
"","","","","","","484-99","他に分類されない水産養殖作業員","ごかい養殖作業員、水産試験場飼育作業員、 水族館飼育作業員、すっぽん養殖作業員"
"","","","","489","その他の漁業の職業","489-99","その他の漁業の職業","漁場監視員、魚類水揚作業員、釣餌採取作業員"
"H","生産工程の職業","49","生産設備制御・監視の職業（金属材料製造、金属加工、金属溶接・溶断）","491","製銑・製鋼・非鉄金属製錬設備制御・監視員","491-01","製銑・製鋼設備制御・監視員","鋳物用鉄溶融設備オペレーター、高炉オペレーター、製鋼設備オペレーター、製銑設備オペレーター、造塊設備オペレーター、鋳銑機オペレーター、電気炉オペレーター（製鋼）、転炉オペレーター（製鋼）、取べ精錬炉オペレーター、連続鋳造機オペレーター（製鋼）"
"","","","","","","491-02","非鉄金属製錬設備制御・監視員","鋳物用アルミ溶解設備オペレーター、多結晶シリコン精錬設備オペレーター、非鉄金属浸出・浄液設備オペレーター、非鉄金属電解設備オペレーター、非鉄金属溶融設備オペレーター、連続鋳造機オペレーター（非鉄金属）"
"","","","","492","鋳造・鍛造設備制御・監視員","492-01","鋳造設備制御・監視員","鋳物製造設備オペレーター、造型機オペレーター、ダイカスト設備オペレーター"
"","","","","","","492-02","鍛造設備制御・監視員","鍛造加熱設備オペレーター、鍛造設備オペレーター、鍛造プレス設備オペレーター、ばね製造設備オペレーター（熱間成形によるもの）"
"","","","","493","金属工作設備制御・監視員","493-01","金属工作設備制御・監視員","金属工作設備オペレーター"
"","","","","494","金属プレス設備制御・監視員","494-01","金属プレス設備制御・監視員","金属プレス設備オペレーター"
"","","","","495","鉄工・製缶設備制御・監視員","495-01","鉄工・製缶設備制御・監視員","圧力容器製造設備オペレーター、鉄骨製造設備オペレーター、ボイラー製造設備オペレーター"
"","","","","496","板金設備制御・監視員","496-01","板金設備制御・監視員","製缶設備オペレーター（缶詰・飲料用の缶）、板金設備オペレーター、曲ロール機オペレーター（板金）"
"","","","","497","めっき・金属研磨設備制御・監視員","497-01","めっき設備制御・監視員","めっき設備オペレーター"
"","","","","","","497-02","金属研磨設備制御・監視員","金属研磨設備オペレーター"
"","","","","498","金属溶接・溶断設備制御・監視員","498-01","金属溶接・溶断設備制御・監視員","ガス切断設備オペレーター、金属溶接設備オペレーター、金属溶断設備オペレーター、溶接ロボットオペレーター、レーザー切断設備オペレーター"
"","","","","499","その他の生産設備制御・監視の職業（金属材料製造、金属加工、金属溶接・溶断）","499-01","金属熱処理設備制御・監視員","金属熱処理設備オペレーター"
"","","","","","","499-02","圧延設備制御・監視員","圧延加熱設備オペレーター、圧延設備オペレーター、溶接鋼管製造設備オペレーター、条鋼圧延設備オペレーター、熱間圧延設備オペレーター、冷間圧延設備オペレーター"
"","","","","","","499-03","伸線設備制御・監視員","伸線設備オペレーター"
"","","","","","","499-04","金属切断設備制御・監視員（刃物によるもの）","金属切断設備オペレーター、シャーリング設備オペレーター"
"","","","","","","499-99","他に分類されない生産設備制御・監視の職業（金属材料製造、金属加工、金属溶接・溶断）","金属線製品製造設備オペレーター、金属焙焼設備オペレーター、くぎ製造設備オペレーター、ばね製造設備オペレーター（冷間成形によるもの）、はんだ付設備オペレーター、粉鉱石焼結設備オペレーター、粉末冶金製品製造設備オペレーター、ろう付設備オペレーター"
"","","50","生産設備制御・監視の職業（金属材料製造、金属加工、金属溶接・溶断を除く）","501","化学製品生産設備制御・監視員","501-01","石油精製設備制御・監視員","潤滑油製造設備オペレーター、石油精製設備オペレーター、石油タンクオペレーター、燃料製造設備オペレーター"
"","","","","","","501-02","基礎的化学製品製造設備制御・監視員","化学繊維原料製造設備オペレーター、化学肥料製造設備オペレーター、化学薬品製造設備オペレーター、石油化学製品製造設備オペレーター、汎用樹脂製造設備オペレーター、無機材料製造設備オペレーター、有機薬品製造設備オペレーター"
"","","","","","","501-03","化学繊維製造設備制御・監視員","化学繊維後処理設備オペレーター、化学繊維原液調整設備オペレーター、化学繊維精練設備オペレーター、化学繊維漂白設備オペレーター、化学繊維紡糸設備オペレーター"
"","","","","","","501-04","医薬品・化粧品製造設備制御・監視員","医薬品製造設備オペレーター、化粧品製造設備オペレーター"
"","","","","","","501-99","他に分類されない化学製品生産設備制御・監視員","インク製造設備オペレーター、絵具製造設備オペレーター、化学製品原料粉砕設備オペレーター、感光剤材料製造設備オペレーター、合成洗剤製造設備オペレーター、香料製造設備オペレーター、殺虫剤製造設備オペレーター、製塩設備オペレーター、石けん製造設備オペレーター、塗料製造設備オペレーター、農薬製造設備オペレーター、フィルム製造設備オペレーター、油脂製品製造設備オペレーター"
"","","","","502","窯業製品生産設備制御・監視員","502-01","ガラス製品製造設備制御・監視員","ガラス研磨設備オペレーター、ガラス成形設備オペレーター、ガラス繊維製造設備オペレーター、ガラス熱加工設備オペレーター、ガラス熱処理設備オペレーター"
"","","","","","","502-02","ファインセラミックス製品製造設備制御・監視員","シリコンウェハー製造設備オペレーター、半導体ウェハー製造設備オペレーター、ファインセラミックス製品製造設備オペレーター"
"","","","","","","502-03","セメント製造設備制御・監視員","セメント製造設備オペレーター"
"","","","","","","502-99","他に分類されない窯業製品生産設備制御・監視員","かわら製造設備オペレーター、研磨用材製造設備オペレーター、コンクリート製品製造設備オペレーター、石灰製造設備オペレーター、石こう製品製造設備オペレーター、陶磁器製造設備オペレーター、生コンクリート製造設備オペレーター、窯業原料加工設備オペレーター、るつぼ製造設備オペレーター、れんが製造設備オペレーター"
"","","","","503","食料品生産設備制御・監視員","503-01","精穀・製粉・調味食品製造設備制御・監視員","香辛料製造設備オペレーター、ジャム製造設備オペレーター、しょう油製造設備オペレーター、食用油脂製品製造設備オペレーター、精穀設備オペレーター、製糖設備オペレーター、製粉設備オペレーター、精米設備オペレーター、調味料製造設備オペレーター（製塩を除く）、マーガリン製造設備オペレーター、マヨネーズ製造設備オペレーター、味そ製造設備オペレーター"
"","","","","","","503-02","めん類・パン・菓子製造設備制御・監視員","スナック菓子製造設備オペレーター、パン製造設備オペレーター、めん類製造設備オペレーター、焼菓子製造設備オペレーター、洋生菓子製造設備オペレーター、和生菓子製造設備オペレーター、和干菓子製造設備オペレーター"
"","","","","","","503-03","乳・乳製品製造設備制御・監視員","アイスクリーム製造設備オペレーター、飲用乳製造設備オペレーター、チーズ製造設備オペレーター、乳酸発酵製品製造設備オペレーター、バター製造設備オペレーター、粉乳製造設備オペレーター、練乳製造設備オペレーター"
"","","","","","","503-99","他に分類されない食料品生産設備制御・監視員","かん詰食品製造設備オペレーター、水産ねり物製造設備オペレーター、豆腐製造設備オペレーター、納豆製造設備オペレーター、びん詰食品製造設備オペレーター、弁当製造設備オペレーター、保存食品製造設備オペレーター、冷凍加工食品製造設備オペレーター、レトルト食品製造設備オペレーター"
"","","","","504","飲料・たばこ生産設備制御・監視員","504-01","飲料・たばこ生産設備制御・監視員","清酒製造設備オペレーター、製茶設備オペレーター、清涼飲料製造設備オペレーター、たばこ製造設備オペレーター、ビール製造設備オペレーター"
"","","","","505","紡織・衣服・繊維製品生産設備制御・監視員","505-01","紡織・衣服・繊維製品生産設備制御・監視員","編機オペレーター、刺しゅう設備オペレーター、織布設備オペレーター、織機オペレーター、製網設備オペレーター（繊維製）、精練設備オペレーター（繊維製品）、繊維製品仕上プレス設備オペレーター、染色設備オペレーター（紡績、織物製造）、布裁断設備オペレーター、ねん糸設備オペレーター、漂白設備オペレーター（繊維製品）、フェルト製造設備オペレーター、不織布製造設備オペレーター、縫製設備オペレーター、紡績設備オペレーター"
"","","","","506","木製製品・パルプ・紙・紙製品生産設備制御・監視員","506-01","製材・合板製造設備制御・監視員","原木切断設備オペレーター、合板製造設備オペレーター、製材設備オペレーター、木材チップ製造設備オペレーター、木質ボード製造設備オペレーター"
"","","","","","","506-02","パルプ製造・抄紙設備制御・監視員","紙裁断設備オペレーター、抄紙設備オペレーター、紙料調合設備オペレーター、段ボール原紙製造設備オペレーター、パルプ製造設備オペレーター"
"","","","","","","506-03","加工紙・紙製品製造設備制御・監視員","加工紙製造設備オペレーター、紙製品製造設備オペレーター、紙器製造設備オペレーター、段ボールシート製造設備オペレーター"
"","","","","507","印刷・製本設備制御・監視員","507-01","印刷・製本設備制御・監視員","印刷設備オペレーター、印刷物光沢加工設備オペレーター、製本設備オペレーター、はく押し設備オペレーター"
"","","","","508","ゴム・プラスチック製品生産設備制御・監視員","508-01","ゴム製品製造設備制御・監視員","原料ゴム加工設備オペレーター、ゴム裁断設備オペレーター、ゴム製品製造設備オペレーター、ゴム接合設備オペレーター、ゴム塗布設備オペレーター、タイヤ製造設備オペレーター"
"","","","","","","508-02","プラスチック製品製造設備制御・監視員","原料プラスチック加工設備オペレーター、プラスチック研磨設備オペレーター、プラスチック裁断設備オペレーター、プラスチック成形設備オペレーター、プラスチック製品製造設備オペレーター、プラスチック接合設備オペレーター、プラスチック切削設備オペレーター"
"","","","","509","その他の生産設備制御・監視の職業（金属材料製造、金属加工、金属溶接・溶断を除く）","509-99","その他の生産設備制御・監視の職業（金属材料製造、金属加工、金属溶接・溶断を除く）","運動具製造設備オペレーター、楽器製造設備オペレーター、がん具製造設備オペレーター、配合飼料製造設備オペレーター、筆記用具製造設備オペレーター"
"","","51","生産設備制御・監視の職業（機械組立）","511","一般機械器具組立設備制御・監視員","511-01","一般機械器具組立設備制御・監視員","印刷機械組立設備オペレーター、機械部品組立設備オペレーター、業務用空調機器組立設備オペレーター、金属加工機械組立設備オペレーター、建設機械組立設備オペレーター、原動機組立設備オペレーター、娯楽機械組立設備オペレーター、サービス用機械組立設備オペレーター、製本機械組立設備オペレーター、農業用機械組立設備オペレーター、半導体製造装置組立設備オペレーター"
"","","","","512","電気機械器具組立設備制御・監視員","512-01","電気機械器具組立設備制御・監視員","電気機械組立設備オペレーター、電気機械部品組立設備オペレーター、電気通信機械器具組立設備オペレーター、電子応用機械器具組立設備オペレーター、電子機器部品組立設備オペレーター、半導体製品製造設備オペレーター、民生用電気機械器具組立設備オペレーター"
"","","","","513","自動車組立設備制御・監視員","513-01","自動車組立設備制御・監視員","自動車組立設備オペレーター、自動車部分品組立設備オペレーター、自動車部品取付設備オペレーター"
"","","","","514","輸送用機械器具組立設備制御・監視員（自動車を除く）","514-01","輸送用機械器具組立設備制御・監視員（自動車を除く）","航空機部分品組立設備オペレーター、鉄道車両部分品組立設備オペレーター"
"","","","","515","計量計測機器・光学機械器具組立設備制御・監視員","515-01","計量計測機器・光学機械器具組立設備制御・監視員","計量計測機器組立設備オペレーター、光学機械器具組立設備オペレーター、時計組立設備オペレーター、レンズ研磨設備オペレーター"
"","","52","金属材料製造、金属加工、金属溶接・溶断の職業","521","製銑工、製鋼工","521-01","製銑工","炉前工（高炉）"
"","","","","","","521-02","製鋼工","造塊工（製鋼）、電気炉工（製鋼）、転炉炉前工（製鋼）"
"","","","","","","521-03","鋳物用鉄溶融工","キュポラ工（鋳物用鉄溶融）、電気炉工（鋳物用鉄溶融）"
"","","","","","","521-99","他に分類されない製銑工、製鋼工","高炉冷却工、トーピードカー運転員、取べ運搬員、フェロアロイ製造工、溶銑輸送員"
"","","","","522","非鉄金属製錬工","522-01","非鉄金属溶融炉工","鋳物用非鉄金属溶融工、ダイカスト用アルミニウム溶融工、非鉄金属鋳込造塊工、炉前工（非鉄金属製錬）"
"","","","","","","522-02","非鉄金属電解工 ","銅電解工、非鉄金属浸出・浄液工"
"","","","","","","522-03","半導体材料精錬工（多結晶シリコンなど）","多結晶シリコン製造工"
"","","","","","","522-99","他に分類されない非鉄金属製錬工","亜鉛蒸留工"
"","","","","523","鋳物製造工","523-01","鋳物工","アルミニウム鋳物工、鋳型工、鋳込工、可鍛鋳鉄鋳物工、機械込造型工、銑鉄鋳物工、調砂工、手込造型工、中子工、非鉄金属鋳物工"
"","","","","","","523-02","鋳物仕上工","鋳物型ばらし工、鋳物切断・補修工、鋳物はつり工、ショット・ブラスト工（鋳物製造）"
"","","","","524","鍛造工","524-01","鍛造加熱炉工","鍛造操炉工、火床係"
"","","","","","","524-02","自由鍛造工","鍛造ハンマ工、鍛造プレス工"
"","","","","","","524-03","型鍛造工","型鍛造プレス工"
"","","","","","","524-04","手かじ工","工具かじ工"
"","","","","","","524-99","他に分類されない鍛造工","鍛造工助手、鍛造バリ取り工、ばね製造工（熱間成形によるもの）、ローリング鍛造工"
"","","","","525","金属熱処理工","525-01","金属熱処理工","高周波焼入焼戻し工、浸炭焼入焼戻し工、焼入焼戻し工、焼なまし・焼ならし工"
"","","","","526","圧延工","526-01","圧延工","圧延加熱炉工、圧延仕上工、圧延ロール整備工、鋼板圧延工、シームレス鋼管工、条鋼圧延工、ステンレス鋼板工、展延工（非鉄金属箔）、電縫管工、熱間圧延工、表面処理鋼板工、溶接鋼管工、冷間圧延工"
"","","","","527","汎用金属工作機械工","527-01","旋盤工","旋盤工"
"","","","","","","527-02","ボール盤工","金属穴あけ工（ボール盤によるもの）"
"","","","","","","527-03","フライス盤工","フライス盤工"
"","","","","","","527-04","研削盤工、仕上機械工","グラインダー工（金属研削）、研削盤工、バフ盤工、ホーニング盤工、ラップ盤工"
"","","","","","","527-99","他に分類されない汎用金属工作機械工","実習助手（学校における汎用金属工作機械の実習）、中ぐり盤工、ねじ切盤工、歯切盤工、歯車仕上盤工、平削盤工、放電加工機工、ワイヤ放電加工機工"
"","","","","528","数値制御金属工作機械工","528-01","NC旋盤工","NC旋盤工"
"","","","","","","528-02","NCフライス盤工","NCフライス盤工"
"","","","","","","528-03","マシニングセンタオペレーター","MCオペレーター"
"","","","","","","528-04","NC金属特殊加工機工","NC放電加工機工、NCワイヤカット放電加工機工、NCレーザー加工機工"
"","","","","","","528-99","他に分類されない数値制御金属工作機械工","NC研削盤工、NC中ぐり盤工、NCねじ切盤工、NC歯切盤工、NC歯車仕上盤工、NC平削盤工、NCホーニング盤工、NCボール盤工、NCラップ盤工、実習助手（学校における数値制御金属工作機械の実習）、ターニングセンタオペレーター"
"","","","","531","金属プレス工","531-01","プレス成形工（打抜プレス、曲プレスを除く）","NCプレス機械工（打抜プレス、曲プレスを除く）、金属プレス工（打抜プレス、曲プレスを除く）、絞プレス工、プレス刻印工"
"","","","","","","531-02","打抜プレス工","NCタレットパンチプレス工、タレットパンチプレス工"
"","","","","","","531-03","曲プレス工","NCベンダー工、ブレーキプレス工、ベンダー工"
"","","","","532","鉄工、製缶工","532-01","建築鉄工","鉄骨工"
"","","","","","","532-02","造船鉄工","船体ブロック組立工、造船工"
"","","","","","","532-03","製缶工","圧力容器組立工、製缶工（圧力容器）、製缶工（タンク）、製缶工（ボイラー）、タンク製缶工、ボイラー組立工"
"","","","","","","532-99","他に分類されない鉄工、製缶工","機械鉄工、橋りょう鉄工"
"","","","","533","板金工","533-01","建築板金工 ","金属サイディング工、ダクト工、トタン屋根ふき工"
"","","","","","","533-02","工場板金工","精密板金工"
"","","","","","","533-03","自動車板金工","板金工（自動車修理業）、板金塗装工（自動車修理業）"
"","","","","","","533-99","他に分類されない板金工","製缶工（缶詰・飲料用の缶）、製缶板金工、ドラム缶製造工"
"","","","","534","めっき工、金属研磨工","534-01","電気めっき工","電気めっき工"
"","","","","","","534-02","めっき工（電気めっきを除く）","アルマイト工、化学めっき工、化成処理工、気相めっき工、真空めっき工、防せい処理工、陽極処理工、溶射めっき工、溶融めっき工"
"","","","","","","534-03","金属材料・製品研磨工","金属研磨工、工具研磨工、刃物とぎ工"
"","","","","","","534-04","金属手仕上工","金属きさげ工、金属はつり工、金属やすり掛け工、のこ目立職"
"","","","","535","くぎ・ばね・金属線製品製造工","535-01","くぎ・ばね・金属線製品製造工","金網編工、金属線製品製造工、くぎ類製造工、スプリング製造工（冷間成形によるもの）、ばね製造工（冷間成形によるもの）、針製造工、ワイヤーロープ製造工"
"","","","","536","金属製品製造工","536-01","金属製家具・建具製造工","アルミサッシ組立工、金属製家具製造工、金属製建具製造工"
"","","","","","","536-02","治工具製造工","工具製造工、治具製造工、やすり製造工"
"","","","","","","536-03","金型製造工","金型工、金型修理工"
"","","","","","","536-04","刃物製造工","刃物製造工"
"","","","","","","536-05","金具製造工","金具製造工"
"","","","","","","536-99","他に分類されない金属製品製造工","管継手製造工、鋼球製造工"
"","","","","537","金属溶接・溶断工","537-01","アーク溶接工","アルゴン溶接工、炭酸ガスアーク溶接工、ティグ溶接工、半自動アーク溶接工、被覆アーク溶接工"
"","","","","","","537-02","抵抗溶接工","シーム溶接工、スポット溶接工"
"","","","","","","537-03","ガス溶接工","酸素アセチレンガス溶接工"
"","","","","","","537-04","ガス切断工","酸素アセチレンガス切断工"
"","","","","","","537-05","自動溶接・溶断機運転工","自動ガス切断機運転工、自動電気溶接機運転工、自動レーザー切断機運転工"
"","","","","","","537-99","他に分類されない金属溶接・溶断工","プラズマ切断工、レーザー切断工、レーザー溶接工"
"","","","","539","その他の金属材料製造、金属加工、金属溶接・溶断の職業","539-01","伸線工","伸線工"
"","","","","","","539-02","ろう付工、はんだ付工","はんだ付工、ろう付工"
"","","","","","","539-03","金型取付工","金型取付工"
"","","","","","","539-04","金属切断工（刃物によるもの）","シャーリング工、せん断機工、バンドソー工、丸のこ盤工"
"","","","","","","539-05","ダイカスト工","ダイカスト工"
"","","","","","","539-06","機械解体処理工","自動車解体工、電気機械分解工、特定家庭用機器分解工、廃家電分解工、リサイクル家電分解工"
"","","","","","","539-99","他に分類されない金属材料製造、金属加工、金属溶接・溶断の職業","打貫工、金属材料原料工、金属彫刻工、金属焙焼工、けがき工、鉱石焼結工、粉末冶金成形工、粉末冶金製品製造工"
"","","54","製品製造・加工処理の職業（金属材料製造、金属加工、金属溶接・溶断を除く）","541","化学製品製造工","541-01","基礎的化学製品製造工","化学肥料製造工、汎用樹脂製造工、無機材料製造工、有機薬品製造工"
"","","","","","","541-02","化学繊維工","化学繊維後処理工、化学繊維原液調整工、化学繊維精練工、化学繊維漂白工、化学繊維紡糸工"
"","","","","","","541-03","石けん・洗剤・油脂製品製造工","合成洗剤製造工、石けん製造工、油脂製品製造工"
"","","","","","","541-04","医薬品製造工","アンプル充填工、医薬品仕上工、漢方薬製造工、原薬製造工、抗生物質種母培養工、製剤工、注射液製造工、ドリンク剤製造工"
"","","","","","","541-05","化粧品製造工","口紅製造工、クリーム製造工（化粧品製造）、香水製造工、シャンプー製造工、乳液製造工、歯磨剤製造工"
"","","","","","","541-06","感光剤材料製造工（フィルムを除く）","X線フィルム増感紙製造工、感光紙製造工、感光乳剤製造工、写真乳剤製造工"
"","","","","","","541-07","フィルム製造工","映画フィルム製造工、写真フィルム製造工、レントゲンフィルム製造工"
"","","","","","","541-08","塗料・絵具・インク製造工","インク製造工、絵具製造工、塗料製造工"
"","","","","","","541-09","他に分類されない化学製品製造工","化学製品原料粉砕工、顔料製造工、香料製造工、殺虫剤製造工、製塩工、線香製造工、農薬製造工、花火師"
"","","","","542","窯業・土石製品製造工","542-01","ガラス製品製造工","鏡銀引き工、ガラスカッティング工、ガラス成形工、ガラス繊維製造工、ガラス彫刻工、ガラス熱加工工、ガラス熱処理工"
"","","","","","","542-02","れんが・かわら類製造工","かわら乾燥工、かわら成形工、かわら焼成工、れんが乾燥工、れんが成形工、れんが焼成工"
"","","","","","","542-03","陶磁器製造工","タイル製造工（陶磁器製品製造）、陶磁器研磨工、陶磁器焼成工、陶磁器成形工"
"","","","","","","542-04","ファインセラミックス製品製造工","ウェハー研磨工、ウェハー製造工、ウェハー洗浄工、シリコン切断工、ファインセラミックス製品研磨工、ファインセラミックス製品焼成工、ファインセラミックス製品成形工"
"","","","","","","542-05","セメント製造工","セメント原料工、セメント仕上工"
"","","","","","","542-06","コンクリート製品製造工（生コンクリートを除く）","コンクリートパイプ製造工、コンクリートパネル製造工、コンクリートブロック製造工、セメントスレート製造工"
"","","","","","","542-07","生コンクリート製造工","現場練りコンクリート製造工、生コンクリート工"
"","","","","","","542-08","研磨用材製造工","紙やすり製造工、研磨ディスク製造工、研磨布製造工、砥石製造工"
"","","","","","","542-09","土石製品製造工","石切工、石研磨工、石工、石細工工、石積工、石彫工、石割工、墨出し工、墓石工、はつり工（石材加工業）"
"","","","","","","542-99","他に分類されない窯業・土石製品製造工","七宝工、石灰製造工、石こう製品製造工、施ゆう工、ほうろうがけ工、窯業絵付工、窯業原料工、るつぼ製造工"
"","","","","543","精穀・製粉・調味食品製造工","543-01","精穀工","精麦工、精米工"
"","","","","","","543-02","製粉工","小麦粉製造工、でん粉製造工"
"","","","","","","543-03","味そ・しょう油製造工","しょう油製造工、みそ製造工"
"","","","","","","543-99","他に分類されない精穀・製粉・調味食品製造工","イースト製造工、うま味調味料製造工、乾燥スープ製造工、酵母・こうじ製造工、香辛料製造工、ジャム製造工、食用油脂製品製造工、酢製造工、製糖工、ソース製造工、動植物油脂製造工、トマトケチャップ製造工、ピーナッツバター製造工、マーガリン製造工、マヨネーズ製造工、水飴製造工"
"","","","","544","めん類製造工","544-01","製めん工","うどん製造工、スパゲッティ製造工、手打ちそば製造工、ラーメン製造工"
"","","","","","","544-02","即席めん類製造工","インスタントラーメン製造工、即席めん製造工"
"","","","","","","544-99","他に分類されないめん類製造工","ぎょうざ皮製造工、シューマイ皮製造工、はるさめ製造工、マカロニ製造工、ワンタン皮製造工"
"","","","","545","パン・菓子製造工","545-01","パン・焼菓子製造工","製パン工、パン生地仕込工、パン焼成工、焼菓子焼成工、焼菓子成形工"
"","","","","","","545-02","洋生菓子製造工","カステラ製造工、ケーキ製造工、シュークリーム製造工、ゼリー製造工、パティシエ（洋生菓子製造）、プリン製造工、洋生菓子仕上工、洋生菓子仕込工"
"","","","","","","545-03","和生菓子製造工","製あん工、大福製造工、どらやき製造工、まんじゅう製造工、もなか製造工、ようかん製造工、和生菓子仕上工"
"","","","","","","545-04","和干菓子製造工","あられ製造工、おこし製造工、かりんとう製造工、せんべい製造工、豆菓子製造工、らくがん製造工"
"","","","","","","545-05","スナック菓子・キャンデー・チョコレート製造工","あめ製造工、キャラメル製造工、キャンデー製造工、チョコレート製造工、ドロップ製造工、ポテトチップス製造工、ヌガー製造工"
"","","","","","","545-99","他に分類されないパン・菓子製造工","アイスキャンデー製造工、甘納豆製造工、板ガム製造工、中華まんじゅう製造工、つけ物菓子製造工、シャーベット製造工、綿菓子製造工"
"","","","","546","豆腐・こんにゃく・ふ製造工","546-01","豆腐・油揚等製造工","油揚製造工、がんもどき製造工、凍豆腐製造工、豆腐製造工、納豆製造工、生揚製造工、焼豆腐製造工、湯葉製造工"
"","","","","","","546-02","こんにゃく製造工","板こんにゃく製造工、糸こんにゃく製造工、白滝製造工、玉こんにゃく製造工"
"","","","","","","546-03","ふ製造工","揚麩製造工、角麩製造工、生麩製造工、焼麩製造工"
"","","","","547","かん詰・びん詰・レトルト食品製造工","547-01","かん詰食品製造工 ","かん詰食品原料調理工、かん詰食品殺菌加熱工、かん詰食品充填工、かん詰食品密封工、巻締脱気工（缶詰製造）"
"","","","","","","547-02","びん詰食品製造工","びん詰食品原料調理工、びん詰食品殺菌加熱工、びん詰食品充填工、びん詰食品密封工"
"","","","","","","547-03","レトルト食品製造工","レトルト食品原料調理工、レトルト食品殺菌加熱工、レトルト食品充填工、レトルト食品密封工"
"","","","","548","乳・乳製品製造工","548-01","飲用乳製造工","牛乳製造工、牛乳びん詰工、生乳殺菌工、低脂肪乳製造工、特濃牛乳製造工"
"","","","","","","548-02","乳酸発酵製品製造工","乳酸菌飲料製造工、発酵乳製造工、ヨーグルト製造工"
"","","","","","","548-03","アイスクリーム製造工","アイスクリーム原料計量工、アイスクリーム充填工、アイスクリーム冷却工"
"","","","","","","548-99","他に分類されない乳・乳製品製造工","粉ミルク製造工、コンデンスミルク製造工、チーズ製造工、バター製造工、粉乳製造工、練乳製造工"
"","","","","551","食肉加工品製造工","551-01","精肉工","枝肉解体工、枝肉処理工、食肉加工工、ひき肉製造工、ミンチ製造工"
"","","","","","","551-02","ハム・ベーコン・ソーセージ製造工","ウインナー製造工、カッター工（肉製品）、くん煙工（肉製品）、仕込工（鳥獣肉製品）、肉詰工（ハム・ソーセージ製造）、ボイル工（ハム・ソーセージ製造）"
"","","","","","","551-99","他に分類されない食肉加工品製造工","粕漬け肉製造工、牛肉つくだ煮製造工、食用鶏解体工"
"","","","","552","水産物加工工","552-01","かつお節類製造工","荒節製造工、かつお生切工、かつお骨抜工、枯節製造工、さば節製造工、なまり節製造工、まぐろ節製造工"
"","","","","","","552-02","魚介干物製造工","あじ干物製造工、桜えび加工工、するめ製造工、煮干製造工、干貝柱製造工、干のり製造工、干ひじき加工工"
"","","","","","","552-03","水産ねり物製造工","蒲鉾製造工、魚肉ソーセージ製造工、さつま揚製造工、ちくわ製造工、はんぺん製造工"
"","","","","","","552-99","他に分類されない水産物加工工","いか塩辛製造工、数の子加工工、寒天製造工、魚介くん製製造工、こんぶ加工工、水産物塩蔵工、水産珍味製造工、つくだ煮製造工、ところてん製造工"
"","","","","553","保存食品・冷凍加工食品製造工","553-01","保存食品製造工 ","お茶漬け海苔製造工、即席みそ汁製造工、包装米飯製造工"
"","","","","","","553-02","冷凍加工食品製造工","冷凍うどん製造工、冷凍えびフライ製造工、冷凍コロッケ製造工、冷凍ピラフ製造工"
"","","","","554","弁当・惣菜類製造工 ","554-01","弁当・惣菜類製造工 ","揚物製造工、惣菜製造工、調理パン製造工、弁当製造工"
"","","","","555","野菜つけ物工 ","555-01","野菜つけ物工 ","梅干漬工、千枚漬工、沢庵漬工、漬物職人（野菜）、福神漬製造工、野菜塩漬工、らっきょう漬工"
"","","","","556","飲料・たばこ製造工 ","556-01","製茶工","製茶工"
"","","","","","","556-02","清酒製造工","清酒製造作業員、杜氏"
"","","","","","","556-03","酒類製造工（清酒を除く）","果実酒製造工、焼ちゅう製造工、ビール製造工、みりん製造工、ワイン製造工"
"","","","","","","556-04","清涼飲料製造工","茶系飲料製造工、ミネラルウォーター製造工、ミルクコーヒー製造工"
"","","","","","","556-05","たばこ製造工","たばこ製造工"
"","","","","","","556-99","他に分類されない飲料・たばこ製造工","インスタントコーヒー製造工、コーヒー豆焙煎工、粉末飲料製造工"
"","","","","557","紡織工","557-01","粗紡工、精紡工","混打綿工、精紡工、粗紡工、紡績工"
"","","","","","","557-02","ねん糸工、加工糸工","加工糸工、合糸工、ねん糸工"
"","","","","","","557-03","織布準備工","織機準備工、整経工、はた（機）ごしらえ工、へ（経）通工"
"","","","","","","557-04","織布工","織機操作工、製織工"
"","","","","","","557-05","精練・漂白工","精練工（紡績、織物製造）、漂白工（紡績、織物製造）、漂白仕上工（紡績、織物製造）"
"","","","","","","557-06","染色・仕上工","織物染工、糸染工、浸染工、スクリーンなっ染工、染色仕上工（紡績、織物製造）、染物職、調色工（繊維）、なっ染工、友禅染工"
"","","","","","","557-07","編物工、編立工","編機準備工、編立工、編物工、機械レース編工、くつ下編工、手編工、ニット生地編立工、ニット製品編立工、レース編工"
"","","","","","","557-08","つな・あみ製造工","あみ製造工、つな製造工、ひも製造工"
"","","","","","","557-09","フェルト・不織布製造工","不織布製造工、フェルト製造工"
"","","","","","","557-99","他に分類されない紡織工","糸仕上工、製糸工、織布後処理工、製綿工、綿打直工"
"","","","","558","衣服・繊維製品製造工","558-01","婦人服・子供服仕立職","ドレスメーカー、婦人既製服仕立工、婦人服仕立職、婦人服注文仕立職、子供既製服仕立工、子供服仕立職、子供服注文仕立職、洋裁師（婦人服・子供服仕立）"
"","","","","","","558-02","紳士服仕立職","紳士既製服仕立工、紳士服注文仕立職、テーラー、洋裁師（紳士服仕立）"
"","","","","","","558-03","和服仕立職","和裁人"
"","","","","","","558-04","衣服修理工","衣服寸法直し人、紳士服修理工、婦人服・子供服修理工、洋服修理職、リフォーマー（衣服）、和服修理職"
"","","","","","","558-05","布裁断工","機械裁断工、手裁断工（布）"
"","","","","","","558-06","ミシン縫製工（衣服）","衣服ミシン縫製工、下着縫製工、シャツ縫製工、紳士服縫製工、縫製作業員（衣服）、ニット縫製工、婦人服・子供服縫製工"
"","","","","","","558-07","ミシン縫製工（身の回り品）","衣服以外のミシン縫製工、カーテン縫製工、キルティング縫製工、織布ミシン縫工、身の回り品ミシン縫製工、縫製作業員（身の回り品）"
"","","","","","","558-08","特殊ミシン縫製工 ","縫製作業員（特殊縫製ミシン）"
"","","","","","","558-09","刺しゅう工","機械刺しゅう工、手刺しゅう工"
"","","","","","","558-10","衣服・繊維製品仕上工","繊維製品仕上工、繊維製品手仕上工、繊維製品プレス工"
"","","","","","","558-99","他に分類されない衣服・繊維製品製造工","革縫製工（衣服製造）、カンバス製品製造工、毛皮裁断工（衣服）、寝具仕立工、帆布製品製造工、帽子製造工（布製）、皮革製衣服仕立工、布団綿入工"
"","","","","561","木製製品製造工","561-01","製材工、チップ製造工","原木切断工、チッパー工、チップ選別工、鋸機械工"
"","","","","","","561-02","合板工","化粧合板製造工、合板製作工、合板プレス工、集成材製造工、単板製作工、調板工、パーティクルボード製造工、木質ボード製造工"
"","","","","","","561-03","木工、木彫工","穴あけ木工、機械プレカット工、機械木工、木型木工、木彫工、人形彫職、木版製作工、木工研磨工、木工旋盤工、木工フライス盤工"
"","","","","","","561-04","木製家具・建具製造工","家具工、障子取付工、建具工、木製家具金具組立工、木製家具組立工、木製家具修理工"
"","","","","","","561-05","指物職","唐木指物職、木製鏡台製作工、神仏具指物職、仏壇製造職、宮師、寄木細工職人"
"","","","","","","561-06","木材防虫・防腐処理工","木材製品処理工、木材耐火処理工、木材防虫処理工、木材防腐処理工"
"","","","","","","561-99","他に分類されない木製製品製造工","い草製品製造工、稲わら製品製造工、き柳製品製造工、げた製造工、竹細工工、とう製品製造工、船大工、麦わら製品製造工、木製運動用品製造工、木製おけ製造工、木製たる製造工、木製曲物製造工"
"","","","","562","パルプ・紙・紙製品製造工","562-01","パルプ工、紙料工","紙料工、紙料調整工、紙料溶解工、パルプ工、パルプ磨砕工"
"","","","","","","562-02","紙すき工","紙手すき工、抄紙工、抄紙仕上工"
"","","","","","","562-03","段ボール製造工 ","段ボールシート製造工"
"","","","","","","562-04","加工紙製造工（段ボールを除く）","塗工紙製造工、防水紙製造工"
"","","","","","","562-05","紙器製造工","大型紙袋製造工、紙製食器製造工、紙箱製造工、機械製箱工、紙管筒製造工、段ボール箱製造工"
"","","","","","","562-06","紙製品製造工","紙ひも製造工、小型紙袋製造工、封筒製造工"
"","","","","","","562-07","紙裁断工","紙型抜き工、紙機械だち工、製本裁断工"
"","","","","","","562-99","他に分類されないパルプ・紙・紙製品製造工","紙加工工、紙仕上工、紙製品仕上工、紙巻取工"
"","","","","563","印刷・製本作業員","563-01","DTPオペレーター","DTPオペレーター"
"","","","","","","563-02","写真植字機オペレーター","写植文字組版作業員、電算写植機オペレーター、電子組版機オペレーター"
"","","","","","","563-03","製版作業員 ","オフセット製版作業員、カラースキャナー・オペレーター、グラビア製版作業員、スクリーン製版作業員、製版カメラ作業員、電子製版作業員、版下製作作業員"
"","","","","","","563-04","とっ（凸）版印刷作業員","樹脂凸版印刷作業員、フレキソ印刷作業員"
"","","","","","","563-05","オフセット印刷作業員","平板印刷作業員"
"","","","","","","563-06","グラビア印刷作業員","凹版印刷作業員、写真印刷作業員、美術印刷作業員"
"","","","","","","563-07","スクリーン印刷作業員","看板印刷作業員、孔版印刷作業員、シルク印刷作業員"
"","","","","","","563-08","シール印刷作業員","ステッカー印刷作業員、ラベル印刷作業員"
"","","","","","","563-09","校正作業員","校正作業員"
"","","","","","","563-10","印刷物光沢加工作業員","印刷物コーティング加工作業員、印刷物樹脂プレス加工作業員、印刷物ラミネート加工作業員"
"","","","","","","563-11","製本作業員","折り作業員、製本仕上作業員、製本とじ作業員、丁合作業員、表紙製造作業員"
"","","","","","","563-99","他に分類されない印刷・製本作業員","はく押し作業員、フォーム印刷作業員"
"","","","","564","ゴム製品製造工","564-01","原料ゴム加工工","原料ゴム圧延工、原料ゴム混合工、原料ゴム練工、原料ゴム前処理工、原料ゴム薬品配合工"
"","","","","","","564-02","タイヤ成形工","加硫工（タイヤ成形）、自動車タイヤ成形工、タイヤゴム張工、トレッド工（タイヤ製造）"
"","","","","","","564-03","ゴム製品成形工（タイヤ成形を除く）","加硫工（タイヤ成形を除く）、ゴムアセンブル成形工、ゴム押出成形工、ゴム形付工、ゴム射出成形工、ゴム浸せき成形工、ゴムプレス成形工、ゴムライニング成形工"
"","","","","","","564-04","ゴム裁断工","ゴム打抜工、ゴム型抜工、ゴム切断工"
"","","","","","","564-05","ゴム塗布工","コーティング工（ゴム引布）、ゴムシート工、ゴム絶縁工、ゴム引工、ゴム防水加工工"
"","","","","","","564-99","他に分類されないゴム製品製造工","ゴム接合工、ゴムはり工、ゴム焼付工、再生ゴム製造工"
"","","","","565","プラスチック製品製造工","565-01","原料プラスチック処理工","合成樹脂混練工、合成樹脂粉砕工、プラスチック混練り工"
"","","","","","","565-02","プラスチック成形工","プラスチック圧縮成形工、プラスチック押出成形工、プラスチック射出成形工、プラスチック積層成形工、プラスチック手造り成形工、プラスチック熱成形工、プラスチック発泡成形工、プラスチックブロー成形工、プラスチックロール圧延工"
"","","","","","","565-03","プラスチック切削・研磨工","プラスチック切削機械工、プラスチック旋盤工、プラスチックバフみがき工、プラスチックボール盤工"
"","","","","","","565-04","プラスチック接合・裁断工","打抜工（プラスチック製品製造）、高周波ウェルダー工（プラスチック製品製造）、高周波ミシン工、プラスチック製品切断工"
"","","","","","","565-05","プラスチック塗布工","絶縁樹脂塗布工、プラスチック防水加工工、ラミネート工（プラスチックの塗布）"
"","","","","","","565-99","他に分類されないプラスチック製品製造工","プラスチック彫刻工"
"","","","","569","その他の製品製造・加工処理の職業（金属材料製造、金属加工、金属溶接・溶断を除く）","569-01","革・革製品製造工","革打抜き工、革具加工工、革靴修理工、革靴製造工、革裁断工、革サンダル製造工、革スリッパ製造工、革縫製工、製革工、製革仕上工、製革準備工、なめし工"
"","","","","","","569-02","かばん・袋物製造工","かばん製造工、かばん縫製工、袋物製造工、袋物縫製工"
"","","","","","","569-03","貴金属・宝石・甲・角細工工","貝細工工、貴金属細工工、きば細工工、甲細工工、真珠加工工、水晶研磨工、角細工工、宝石細工工"
"","","","","","","569-04","楽器製造工","楽器組立工、ピアノ組立工、バイオリン製造工"
"","","","","","","569-05","がん具製造工","がん具組立工、人形製造工、児童用乗物製造工"
"","","","","","","569-06","運動具製造工","ゴルフクラブ製造工、スキー板製造工、トレーニング器具製造工、野球ミット製造工"
"","","","","","","569-07","筆記用具製造工","鉛筆製造工、ボールペン製造工、万年筆組立工、毛筆製造工"
"","","","","","","569-08","漆器工","漆工、漆器加飾工、漆器工見習、まき絵師"
"","","","","","","569-09","ほうき・ブラシ製造工","ほうき製造工、ブラシ製造工、歯ブラシ製造工、はけ製造工、たわし製造工"
"","","","","","","569-10","模型・模造品製作工","かつら製作工、食品模型製作工、ヘアピース製作工、模型製作工"
"","","","","","","569-11","配合飼料製造工","配合飼料製造工"
"","","","","","","569-12","内張工","いす張工、内張詰物工、家具類内張工、航空機内張工、小箱おおい（被）工、自動車内張工、自動車シート組立工、船舶内張工、乗物内張工、旅客車内張工"
"","","","","","","569-13","表具師","経師、軸物師、障子貼職、屏風貼職、襖貼職"
"","","","","","","569-99","他に分類されない製品製造・加工処理の職業（金属材料製造、金属加工、金属溶接・溶断を除く）","印判師、うちわ製造工、喫煙具製造工、獣皮剥工、製氷工、ちょうちん製造工、と畜作業員、ファスナー製造工、マッチ製造工、有機肥料製造工（鶏ふん・魚肥・たい肥・大豆かすなど）、洋がさ製造工"
"","","57","機械組立の職業","571","一般機械器具組立工","571-01","原動機組立工","航空機エンジン組立工、自動車エンジン組立工、船用機関組立工、タービン組立工"
"","","","","","","571-02","金属加工機械組立工","圧延機械組立工、金属工作機械組立工、旋盤組立工、鍛造機械組立工、フライス盤組立工、プレス機械組立工"
"","","","","","","571-03","農業用機械組立工 ","耕うん機組立工、コンバイン組立工、田植機組立工、農業用トラクター組立工"
"","","","","","","571-04","建設機械組立工","建設用クレーン組立工、ショベルカー組立工、ブルドーザー組立工"
"","","","","","","571-05","印刷・製本機械組立工","オフセット印刷機組立工、スクリーン印刷機組立工、製本機械組立工"
"","","","","","","571-06","半導体・液晶パネル製造装置組立工","ウェハー切断機組立工、液晶パネル基板貼合機組立工、半導体製造装置組立工、半導体洗浄装置組立工"
"","","","","","","571-07","業務用冷凍・冷蔵・空調機器組立工","空気調和装置組立工、製氷機組立工、冷蔵装置組立工、冷凍機組立工"
"","","","","","","571-08","サービス用・娯楽機械組立工","自動改札機組立工、自動車洗浄機組立工、自動販売機組立工、ドライクリーニング機組立工、遊技機械組立工"
"","","","","","","571-09","機械部品組立工","軸受組立工、軸継手組立工、チェーン組立工、バルブ組立工、変速機組立工、ベアリング組立工"
"","","","","","","571-99","他に分類されない一般機械器具組立工","エレベーター据付工、昇降機取付工、食品充填機組立工、繊維機械組立工、包装機械組立工、木工機械組立工"
"","","","","572","電気機械組立工","572-01","発電機・電動機組立工","産業用電動機組立工、電動機巻線工、マイクロモーター組立工、民生用発電機組立工"
"","","","","","","572-02","配電盤・制御盤・開閉制御機器組立工","開閉制御機器組立工、スイッチ組立工、制御盤組立工、電気制御盤組立工、配電盤組立工、ブレーカー組立工"
"","","","","","","572-03","電気機械部品組立工","インバーター組立工、整流器組立工、整流子組立工、電力回路用コンデンサ組立工"
"","","","","","","572-99","他に分類されない電気機械組立工","トランス巻線工、変圧器組立工、変成器組立工、変流器組立工"
"","","","","573","電気通信機械器具組立工","573-01","無線・有線通信機器組立工","カーナビゲーション組立工、携帯電話組立工、電話機組立工、ファクシミリ組立工、無線通信機器組立工、有線通信機器組立工"
"","","","","","","573-02","テレビ・ラジオ組立工","テレビ組立工、ラジオ組立工"
"","","","","","","573-99","他に分類されない電気通信機械器具組立工","交通信号機組立工、レーダー組立工"
"","","","","574","電子応用機械器具組立工","574-01","電子計算機組立工 ","パーソナルコンピューター組立工、汎用電子計算機組立工"
"","","","","","","574-02","電子複写機組立工","コピー機組立工、複合複写機組立工"
"","","","","","","574-99","他に分類されない電子応用機械器具組立工","医療用画像放射線機器組立工、医療用電子機器組立工、X線応用装置組立工、水中聴音装置組立工、超音波画像診断装置組立工、レーザー応用加工機器組立工"
"","","","","575","民生用電子・電気機械器具組立工","575-01","民生用電子・電気機械器具組立工","音響機器組立工、カーエアコン組立工、家庭用エアコン組立工、電気照明器具組立工、電気ストーブ組立工、電気洗濯機組立工、電気掃除機組立工、電気冷蔵庫組立工、電熱器具組立工"
"","","","","576","半導体製品製造工","576-01","半導体チップ製造工","半導体エッジング工、半導体回路パターン焼付工、半導体電極形成工、半導体レジスト塗布工"
"","","","","","","576-02","半導体組立工","半導体エンキャップ工、半導体外装処理工、半導体ダイシング工、半導体封止工、半導体マウント工、ワイヤーボンディング工"
"","","","","","","576-99","他に分類されない半導体製品製造工","半導体マーキング工、半導体レーザー印字工"
"","","","","577","電球・電子管組立工","577-01","電球・電子管組立工","電球製造工、電球部品組立工、電子管製造工、電子管部品組立工"
"","","","","578","乾電池・蓄電池製造工","578-01","乾電池・蓄電池製造工","アルカリ乾電池製造工、鉛蓄電池製造工、バッテリー製造工"
"","","","","581","被覆電線製造工","581-01","被覆電線製造工","がい（鎧）装工、紙巻線製造工、ゴム線製造工、ビニール線製造工、被覆工、ポリエチレン線製造工、撚線工"
"","","","","582","束線工","582-01","束線工","電気通信機束線工、電子応用機器束線工、輸送用機器束線工、ワイヤー・ハーネス工"
"","","","","583","電子機器部品組立工","583-01","電子回路用コンデンサ組立工","電子機器用コンデンサ製造工"
"","","","","","","583-02","プリント基板組立工","プリント基板製造工、プリント配線工、プリント配線板製造工"
"","","","","","","583-03","液晶表示部品組立工","液晶表示部品組立工、プラズマ表示部品組立工"
"","","","","","","583-99","他に分類されない電子機器部品組立工","振動子組立工、電子機器用コイル組立工、電子機器用抵抗器組立工、電子機器用トランス組立工、リレー組立工"
"","","","","584","自動車組立工","584-01","自動車組立・ぎ装工","自動車ぎ（艤）装組立工、自動車車体組立工、自動車車台組立工、二輪自動車組立工、フォークリフト組立工"
"","","","","","","584-02","自動車部品組立工","トランスミッション組立工（自動車用）、ブレーキ装置組立工（自動車用）"
"","","","","585","輸送用機械器具組立工（自動車を除く）","585-01","鉄道車両組立工 ","制御装置組立工（鉄道車両）、鉄道車両機械組立工、鉄道車両機器取付工、鉄道車両ぎ装工、鉄道車両車体組立工、鉄道車両台車組立工、鉄道車両部分品組立工、連結装置組立工"
"","","","","","","585-02","船舶ぎ装工","救命装置ぎ装工、航海計器取付工、船舶機関部ぎ装工、船舶居住部ぎ装工、船舶甲板部ぎ装工、船舶電気部ぎ装工、操舵装置取付工、通風装置取付工、荷役装置取付工"
"","","","","","","585-03","航空機組立工","航空機ぎ装工、航空機総組立工、航空機部分品組立工、翼組立工、プロペラ組立工"
"","","","","","","585-04","自転車組立工","自転車組立工、自転車部分品組立工、自転車フレーム組立工"
"","","","","","","585-99","他に分類されない輸送用機械器具組立工（自動車を除く）","運搬台車組立工、車いす組立工"
"","","","","586","計量計測機器組立工","586-01","電気計測器組立工","自動車用計器組立工、電圧計組立工、電気メータ組立工、電力計組立工、電流計組立工"
"","","","","","","586-02","計量器・測定器組立工","圧力計組立工、温度計組立工、体温計組立工、体積計組立工、度量衡器組立工、長さ計組立工、はかり組立工、流量計組立工"
"","","","","587","光学機械器具組立工","587-01","カメラ組立工","映画撮影機組立工、映写機組立工、カメラ部品組立工、デジタルカメラ組立工、ビデオカメラ組立工"
"","","","","","","587-99","他に分類されない光学機械器具組立工","眼鏡（がんきょう）組立工、顕微鏡組立工、双眼鏡組立工、測距機組立工（光学式）、望遠鏡組立工"
"","","","","588","レンズ研磨工・加工工","588-01","レンズ研磨工・加工工","光学レンズ工、レンズ荒ずり工、レンズ接合工、レンズ研磨工、レンズ表面処理加工工"
"","","","","591","時計組立工","591-01","時計組立工","機械時計組立工、タイムレコーダー組立工、電気時計組立工、時計組立・調整工、ムーブメント組立工"
"","","","","599","その他の機械組立の職業","599-01","その他の機械組立の職業","ICカード製造工、記録媒体製造工、磁気ディスク製造工、太陽電池製造工、点火プラグ製造工、内燃機関電装品組立工、燃料電池製造工、光ディスク製造工、メガネ枠組立工"
"","","60","機械整備・修理の職業","601","一般機械器具修理工","601-01","原動機修理工","船用機関修理工、タービン修理工"
"","","","","","","601-02","金属加工機械修理工","圧延機械修理工、旋盤修理工、鍛造機械修理工、フライス盤修理工、プレス機械修理工、ボール盤修理工"
"","","","","","","601-03","産業用機械修理工","印刷機械修理工、液晶パネル製造装置修理工、建設機械修理工、製本機械修理工、繊維機械修理工、農業用機械修理工、半導体製造装置修理工"
"","","","","","","601-04","生産設備保全工","機械保全工、工場設備保全員、プラント保全工"
"","","","","","","601-99","他に分類されない一般機械器具修理工","エレベーター修理工、業務用空調機器修理工、自動販売機修理工、昇降機修理工、食品充填機修理工、包装機械修理工、木工機械修理工、遊戯機械修理工、冷凍装置修理工"
"","","","","602","電気機械器具修理工","602-01","電気機械修理工","開閉制御機器修理工、制御盤修理工、電動機修理工、配電盤修理工、発電機修理工"
"","","","","","","602-02","電気通信機械器具修理工","テレビ修理工、無線通信機器修理工、有線通信機器修理工、ラジオ修理工"
"","","","","","","602-03","電子応用機械器具修理工","電子計算機周辺機器保守員、電子計算機保守員、パーソナルコンピュータ修理工、複写機保守員"
"","","","","","","602-04","民生用電子・電気機械器具修理工","家庭用電気製品修理工（販売店・サービス店）、電気エアコン修理工、電気洗濯機修理工、電気掃除機修理工、電気冷蔵庫修理工"
"","","","","","","602-99","他に分類されない電気機械器具修理工","蓄電池修理工"
"","","","","603","自動車整備工","603-01","自動車整備工","自動車修理工、自動車エンジン整備工、自動車タイヤ整備工、自動車電装品整備工、自動二輪車整備工、フォークリフト修理工、メカニック（自動車修理）"
"","","","","604","輸送用機械器具整備・修理工（自動車を除く）","604-01","鉄道車両修理工","鉄道車両機械修理工、鉄道車両電装品修理工、鉄道車両車体修理工、鉄道車両台車修理工"
"","","","","","","604-02","船舶修理工","船舶修理工"
"","","","","","","604-03","航空機整備工","航空運航整備士、航空機エンジン修理工、航空機修理工、航空整備士"
"","","","","","","604-04","自転車修理工 ","自転車修理工"
"","","","","","","604-99","他に分類されない輸送用機械器具整備・修理工（自動車を除く）","運搬台車修理工、車いす修理工"
"","","","","605","計量計測機器・光学機械器具修理工","605-01","計量計測機器修理工","圧力計修理工、電気メータ修理工、流量計修理工"
"","","","","","","605-02","光学機械器具修理工","カメラ修理工、双眼鏡修理工、測距機修理工（光学式）"
"","","","","","","605-03","時計修理工","電気時計修理工"
"","","61","製品検査の職業（金属材料製造、金属加工、金属溶接・溶断）","611","金属材料検査工","611-01","金属材料検査工","圧延検査工、鋳物検査工、金属製錬検査工、金属精錬検査工、金属熱処理検査工、原材料試験検査工（金属）、鉱石試験検査工、伸線検査工、鍛造検査工、中間製品検査工（金属）"
"","","","","612","金属加工・溶接検査工","612-01","金属加工検査工","金属研磨検査工、金属製品検査工、金属切削加工検査工、金属彫刻検査工、金属プレス検査工、製缶検査工、鉄骨製作検査工、板金検査工、めっき検査工"
"","","","","","","612-02","金属溶接検査工","金属溶接検査工"
"","","","","","","612-03","非破壊検査工（金属）","非破壊検査工（金属）"
"","","62","製品検査の職業（金属材料製造、金属加工、金属溶接・溶断を除く）","621","化学製品検査工","621-01","化学製品検査工","医薬品検査工、化学繊維検査工、化学薬品検査工、加工油脂製品検査工、化粧品検査工、石けん検査工、洗剤検査工"
"","","","","622","窯業製品検査工","622-01","ガラス製品検査工","板ガラス検査工、ガラス管検査工、ガラス球検査工、ガラス食器検査工、ガラス瓶検査工"
"","","","","","","622-99","他に分類されない窯業製品検査工","かわら検査工、コンクリート製品検査工、セメント検査工、陶磁器検査工、ファインセラミックス製品検査工、れんが検査工"
"","","","","623","食料品検査工","623-01","食料品検査工","食肉加工品検査工、水産物加工品検査工、精穀検査工、製粉検査工、調味食品検査工、パン検査工、焼菓子検査工"
"","","","","624","飲料・たばこ検査工","624-01","飲料・たばこ検査工","酒類検査工、清涼飲料検査工、たばこ検査工、茶検査工"
"","","","","625","紡織・衣服・繊維製品検査工","625-01","紡織製品検査工","糸検査工、糸検査仕上工、織布検査工、織布検査仕上工、検反工（織物製造）、ニット生地検査仕上工、紡織検査工、紡織検査仕上工"
"","","","","","","625-02","衣服・繊維製品検査工","衣服検査工、検針工、繊維製品検査工、皮革製衣服検査工"
"","","","","626","木製製品・パルプ・紙・紙製品検査工","626-01","木製製品検査工","き柳製品検査工、草製品検査工、合板検査工、竹製品検査工、つる製品検査工、とう製品検査工、木材検査工、木材チップ検査工、木製家具検査工"
"","","","","","","626-02","パルプ・紙・紙製品検査工","板紙検査工、加工紙検査工、紙検査工、紙製品検査工、紙器検査工、パルプ検査工"
"","","","","627","印刷・製本検査工","627-01","印刷・製本検査工","印刷検査工、製本検査工"
"","","","","628","ゴム・プラスチック製品検査工","628-01","ゴム・プラスチック製品検査工","ゴム製品検査工、タイヤ検査工、プラスチック製品検査工"
"","","","","629","その他の製品検査の職業（金属材料製造、金属加工、金属溶接・溶断を除く）","629-01","その他の製品検査の職業（金属材料製造、金属加工、金属溶接・溶断を除く）","運動具検査工、楽器検査工、かばん検査工、革製品検査工、がん具検査工、貴金属細工検査工、漆器検査工、土石製品検査工、配合飼料検査工、筆記用具検査工、袋物検査工、ブラシ検査工、ほうき検査工、宝石細工検査工、模型検査工、模造品検査工"
"","","63","機械検査の職業","631","一般機械器具検査工","631-01","一般機械器具検査工","印刷機械検査工、液晶パネル製造装置検査工、機械部品検査工、業務用空調機器検査工、業務用冷蔵機器検査工、業務用冷凍機器検査工、金属加工機械検査工、建設機械検査工、原動機検査工、娯楽機械検査工、サービス用機械検査工、製本機械検査工、農業用機械検査工、半導体製造装置検査工"
"","","","","632","電気機械器具検査工","632-01","電気機械器具検査工","乾電池検査工、蓄電池検査工、電気機械検査工、電気機械部品検査工、電気通信機械器具検査工、電球検査工、電子応用機械器具検査工、電子管検査工、電子機器部品検査工、半導体製品検査工、民生用電気機械器具検査工、民生用電子機械器具検査工"
"","","","","633","自動車検査工","633-01","自動車検査工","自動車部分品検査工、トランスミッション検査工（自動車用）"
"","","","","634","輸送用機械器具検査工（自動車を除く）","634-01","輸送用機械器具検査工（自動車を除く）","航空機検査工、自転車検査工、船舶検査工、鉄道車両検査工"
"","","","","635","計量計測機器・光学機械器具検査工","635-01","計量計測機器・光学機械器具検査工","カメラ検査工、計量計測機器検査工、光学機械検査工、時計検査工、レンズ検査工"
"","","64","生産関連・生産類似の職業","641","塗装工","641-01","木工塗装工","木製家具塗装工、木製楽器塗装工、木製がん具塗装工、木製建具塗装工"
"","","","","","","641-02","金属塗装工","自動車塗装工、自動車塗装設備オペレーター、浸漬塗装工、船舶塗装工、鉄道車両塗装工、電線塗装工、トタン板塗装工"
"","","","","","","641-03","建築塗装工","家屋塗装工、住宅塗装工、建物塗装工"
"","","","","","","641-98","塗装工見習","金属塗装工（見習）、建築塗装工（見習）、木工塗装工（見習）"
"","","","","","","641-99","他に分類されない塗装工","プラスチック部品塗装工"
"","","","","642","画工、看板制作工 ","642-01","画工","アニメーター、印刷画工、建築透視図制作工、広告図案工、ポスター画工"
"","","","","","","642-02","看板制作工","看板工、看板図案画工"
"","","","","643","製図工","643-01","建築製図工","CADオペレーター（建築製図）、土木製図工"
"","","","","","","643-02","機械製図工","機械部品製図工、CADオペレーター（機械製図）、造船製図工"
"","","","","","","643-03","電気・電子製図工","CADオペレーター（電気・電子製図）、電気配線製図工、半導体製図工"
"","","","","644","パタンナー","644-01","パタンナー","アパレルCADオペレーター、衣服型紙製図工、パターンメーカー"
"","","","","649","その他の生産関連・生産類似の職業","649-01","写真工","写真現像オペレーター、写真出力工、写真引伸工、写真焼付工、フィルム現像工"
"","","","","","","649-02","写図工","CADトレース工、建築写図工、製図トレーサー工"
"","","","","","","649-03","現図工","現図型取工、原図工、航空機現図工、構造物現図工、造船現図工"
"","","","","","","649-04","映写技師","映写技士、映写技術者、スライド映写係"
"","","","","","","649-99","他に分類されない生産関連・生産類似の職業","音響係（舞台）、照明係（舞台・撮影所）"
"I","輸送・機械運転の職業","65","鉄道運転の職業","651","電車運転士","651-01","電車運転士","地下鉄運転士、モノレール運転士、路面電車運転士"
"","","","","659","その他の鉄道運転の職業","659-01","鉄道機関士","蒸気機関士、ディーゼル機関士、電気機関士"
"","","","","","","659-99","他に分類されない鉄道運転の職業","気動車運転士、工場気動車運転士、ディーゼルカー運転士"
"","","66","自動車運転の職業","661","バス運転手","661-01","路線バス運転手","観光路線バス運転手、高速バス運転手、コミュニティバス運転手、乗合バス運転手"
"","","","","","","661-02","貸切バス運転手","貸切観光バス運転手"
"","","","","","","661-03","送迎バス運転手 ","自家用バス運転手、シャトルバス運転手、スクールバス運転手、マイクロバス運転手"
"","","","","662","乗用自動車運転手","662-01","自家用乗用自動車運転手","役員車運転手"
"","","","","","","662-02","営業用乗用自動車運転手","介護タクシー運転手、タクシー運転手、タクシー乗務員、タクシードライバー、乗合タクシー運転手、ハイヤー運転手"
"","","","","","","662-03","自家用乗用自動車運転代行人","自動車運転代行人"
"","","","","663","貨物自動車運転手","663-01","トラック運転手","大型トラック運転手、クレーン架装トラック運転手、小型トラック運転手、中型トラック運転手、トラック運転手（冷蔵・冷凍車）"
"","","","","","","663-02","トレーラートラック運転手","貨物トレーラー運転手、トレーラートラック運転手（冷凍・冷蔵車）"
"","","","","","","663-03","コンクリートミキサー車運転手","生コン車運転手、ミキサー車運転手"
"","","","","","","663-04","ダンプカー運転手","ダンプ運転手、ダンプトラック運転手"
"","","","","","","663-05","タンクローリー運転手","セメントローリー運転手、バルク車運転手"
"","","","","","","663-06","ごみ収集車運転手","家庭ごみ収集車運転手、事業所ごみ収集車運転手、じん芥収集車運転手、パッカー車運転手"
"","","","","","","663-07","自動車陸送員","キャリアカー運転手、車載専用車運転手"
"","","","","","","663-99","他に分類されない貨物自動車運転手","し尿汲取車運転手、霊きゅう車運転手"
"","","","","669","その他の自動車運転の職業","669-99","その他の自動車運転の職業","産業廃棄物運搬車運転手、散水車運転手、建設用機械車両運搬車運転手、放送宣伝車運転手、レンタカー回送運転手"
"","","67","船舶・航空機運転の職業","671","船長（漁労船を除く）","671-01","貨客船船長","貨物船船長、コンテナ船船長、タンカー船長、フェリー船長、旅客船船長"
"","","","","","","671-02","作業船船長","給油船船長、砂利採取船船長、しゅんせつ船船長、タグボート船長"
"","","","","","","671-99","他に分類されない船長（漁労船を除く）","診療船船長、遊覧船船長"
"","","","","672","航海士・運航士（漁労船を除く）、水先人","672-01","航海士・運航士（漁労船を除く）、水先人","貨物船航海士、水先案内人、旅客船運航士"
"","","","","673","船舶機関長・機関士（漁労船を除く）","673-01","船舶機関長・機関士（漁労船を除く）","運搬船機関長、船舶機関士、旅客船機関長"
"","","","","674","航空機操縦士","674-01","航空機操縦士","機長、航空機関士、航空機副操縦士、パイロット、飛行船操縦士、ヘリコプター操縦士"
"","","68","その他の輸送の職業","681","車掌","681-01","鉄道車掌","車掌（鉄道）"
"","","","","","","681-02","バスガイド","観光バスガイド、観光バス車掌"
"","","","","682","駅構内係","682-01","駅構内係","信号係（鉄道）、操車係、連結手"
"","","","","683","甲板員、船舶機関員","683-01","甲板員","甲板手、甲板部員"
"","","","","","","683-02","船舶機関員","機関部員、操機員、操機手"
"","","","","684","フォークリフト運転作業員","684-01","フォークリフト運転作業員","フォークリフト運転手"
"","","","","689","他に分類されない輸送の職業","689-01","小型船舶運転者","遊漁船船頭、遊覧船操縦士（小型船舶）、渡船船頭"
"","","","","","","689-99","他に分類されないその他の輸送の職業","航空機誘導員、自動車誘導員（フェリー）、船舶繋留員、ロープウェイ誘導係"
"","","69","定置・建設機械運転の職業","691","発電員、変電員","691-01","発電・送電員","火力発電保守員、給電員、原子炉点検修理工、水力発電保守員、送電員、発電員"
"","","","","","","691-02","変電・配電員","配電員、配電室保守員、変電員、変電保守員"
"","","","","","","691-03","自家用電気係員","自家発電運転員、動力室電気工、内燃機関運転工（自家用発電）"
"","","","","692","ボイラーオペレーター","692-01","ボイラーオペレーター","ボイラー技士、ボイラーオペレーター見習"
"","","","","693","クレーン・巻上機運転工","693-01","クレーン運転工","クレーンオペレーター、デリック運転工、トラッククレーン運転工、揚貨装置運転工"
"","","","","","","693-02","巻上機・コンベア運転工","ウィンチ運転工、コンベア運転工、ホイスト運転工、巻上機運転工"
"","","","","694","ポンプ・送風機・圧縮機運転工","694-01","ポンプ・送風機・圧縮機運転工","圧縮機運転工、換気装置運転工、空気移送装置運転工、コンプレッサー運転工、送風機運転工、ブロワー運転工、ポンプ運転工"
"","","","","695","建設機械運転工","695-01","建設用機械車両運転工","くい（杭）打機運転工、掘削機械運転工、重機オペレーター（建設機械）、ショベルカー運転工、整地機械運転工、ブルドーザ運転工、ブレーカ運転工、ロードローラ運転工"
"","","","","","","695-02","舗装機械運転工","アスファルトフィニッシャ運転工、アスファルト舗装機械運転工、コンクリートフィニッシャ運転工、コンクリート舗装機械運転工"
"","","","","","","695-03","さく井・ボーリング機械運転工","さく井工、試すい工、ボーリング工"
"","","","","","","695-99","他に分類されない建設機械運転工","コンクリート打設機械運転工、さく岩機械運転工、シールド掘進機運転工、しゅんせつ機械運転工"
"","","","","696","玉掛作業員","696-01","玉掛作業員","玉掛工"
"","","","","697","ビル設備管理員","697-01","ビル設備管理員","ビル施設管理者"
"","","","","699","その他の定置・建設機械運転の職業","699-01","冷凍機運転工","冷凍装置運転工"
"","","","","","","699-02","ケーブル機関運転工","ケーブルカー運転員、スキーリフト機関運転員、ロープウェイ運転員"
"","","","","","","699-99","他に分類されない定置・建設機械運転の職業","下水処理施設設備操作員、ごみ焼却設備操作員、し尿処理設備操作員、浄水場設備操作員、石油採取機械運転工、天然ガス採取機械運転工"
"J","建設・採掘の職業","70","建設躯体工事の職業","701","型枠大工","701-01","型枠大工","型枠解体工、型枠工、コンクリート型枠組工"
"","","","","702","とび工","702-01","建築とび工","足場組立工、重量物とび職、鉄骨とび工、とび職"
"","","","","","","702-02","取りこわし作業員","解体工（建造物）、家屋解体工、建築解体工、コンクリートはつり工（解体工事）"
"","","","","","","702-98","とび工見習","建築とび工（見習）、鉄骨とび工（見習）、とび見習"
"","","","","703","鉄筋工","703-01","土木鉄筋工","土木鉄筋工"
"","","","","","","703-02","建築鉄筋工","建築鉄筋工"
"","","71","建設の職業（建設躯体工事の職業を除く）","711","大工","711-01","建築大工","営繕大工、造作大工、宮大工"
"","","","","","","711-98","大工見習","大工（見習）"
"","","","","","","711-99","他に分類されない大工","大道具係、舞台製作大工"
"","","","","712","ブロック積工、タイル張工","712-01","ブロック積工","建築ブロック工"
"","","","","","","712-02","れんが積工","築炉工、れんが積工、炉修工"
"","","","","","","712-03","タイル張工","タイル壁張工、タイル床張工"
"","","","","","","712-04","石張工","テラコッタ取付工"
"","","","","","","712-98","ブロック積工見習、タイル張工見習","石張工（見習）、タイル張工（見習）、ブロック積工（見習）、れんが張工（見習）"
"","","","","713","屋根ふき工","713-01","かわらふき工","かわら屋根ふき職"
"","","","","","","713-98","屋根ふき工見習 ","屋根ふき工（見習）"
"","","","","","","713-99","他に分類されない屋根ふき工","スレート屋根ふき工、わら屋根ふき工"
"","","","","714","左官","714-01","左官","木舞工、左官職、左官手元、左官吹付工、屋根左官、ラス張工"
"","","","","","","714-02","左官見習","左官（見習）"
"","","","","715","畳工","715-01","畳工","畳表替工、畳仕立工、畳職"
"","","","","","","715-02","畳工見習","畳工（見習）"
"","","","","716","配管工","716-01","配管工","ガス配管工、空調配管工、航空機配管工、水道配管工、スチーム配管工、船舶配管工、鉄道車両配管工、配管修理工"
"","","","","","","716-02","配管工見習","配管工（見習）"
"","","","","717","内装工","717-01","金属建具取付工","金属サッシ取付工、金属製ドア取付工、シャッター取付工"
"","","","","","","717-02","建具ガラス取付工","板ガラスはめ込み工、鏡取付工、建具ガラスはめ込み工"
"","","","","","","717-03","内装仕上工","クロス張り職、ゴム床張工、室内装飾工、じゅうたん張工、プラスチック床張工、壁装工、リノリウム床張工"
"","","","","718","防水工","718-01","防水工","建築工事防水工、シーリング工（防水工事）、土木工事防水工"
"","","","","719","その他の建設の職業","719-01","潜水作業員","サルベージ作業員、水中調査・測量作業員、潜水士（建設工事）"
"","","","","","","719-02","熱絶縁工","保温・保冷工"
"","","","","","","719-03","測量作業員","測量作業員"
"","","","","","","719-04","住宅水回り設備取付工","給湯機取付工、システムキッチン取付工、洗面器取付工、便器取付工（事務用・事業用ビル）、便器取付工（住宅）、ユニットバス取付工"
"","","","","","","719-05","水道工事検査員","水道検査員、漏水調査員"
"","","","","","","719-99","他に分類されない建設の職業","ALC工、看板取付工、金属製バルコニー取付工、受水槽取付工、プレハブ住宅パネル組立工、窯業サイディング工"
"","","72","電気工事の職業","721","送電線架線・敷設作業員","721-01","送電線架線・敷設作業員","送電線架線作業員、送電線保守作業員、地中送電線敷設作業員"
"","","","","722","配電線架線・敷設作業員","722-01","配電線架線・敷設作業員","地中配電線敷設作業員、配電線架線作業員、配電線保守作業員"
"","","","","723","通信線架線・敷設作業員","723-01","通信線架線・敷設作業員","屋外通信線架線作業員、海底通信ケーブル敷設作業員、地下通信ケーブル敷設作業員、通信線架線作業員、通信線保守作業員"
"","","","","724","電気通信設備作業員","724-01","放送装置据付・保守作業員","CATV工事作業員、テレビアンテナ工事作業員、テレビ中継設備保守作業員、放送装置保守作業員"
"","","","","","","724-02","通信装置据付・保守作業員","携帯電話基地局保守作業員、通信装置据付作業員、無線通信機据付作業員"
"","","","","","","724-03","電話装置据付・保守作業員","交換機据付作業員、電話機据付作業員、ファクシミリ据付作業員"
"","","","","725","電気工事作業員","725-01","電気配線工事作業員","エアコン取付作業員（家庭用）、屋内電気配線工事作業員、航空機配線作業員、照明器取付作業員、船舶配線作業員、鉄道車両配線作業員、電気配線作業員、電工（電気配線工事）"
"","","","","","","725-02","電気工事検査員","電気工事検査員"
"","","","","","","725-03","産業用電気機械・装置据付作業員","産業用電気機械据付作業員、自動制御盤据付作業員、鉄道信号保守作業員、鉄道用電気装置据付保守員"
"","","","","","","725-99","他に分類されない電気工事作業員","オール電化工事作業員、警報器取付作業員、太陽光発電装置据付作業員"
"","","73","土木の職業","731","土木作業員","731-01","建設・土木作業員","建設作業員、護岸工事作業員、コンクリート作業員、造園土木作業員、土管配管作業員、土木作業員、法面保護作業員（コンクリート張り工事）"
"","","","","","","731-02","舗装作業員","アスファルト舗装作業員、コンクリート舗装作業員、道路区画線設置作業員、道路工事作業員、道路付帯設備取付作業員、道路補修作業員、道路舗装作業員"
"","","","","732","鉄道線路工事作業員","732-01","鉄道線路工事作業員","軌条作業員、軌道作業員、軌道舗石作業員、鉄道保線員、保線作業員"
"","","","","733","ダム・トンネル掘削作業員","733-01","ダム・トンネル掘削作業員","ダム掘削作業員、トンネル建設作業員"
"","","74","採掘の職業","741","採鉱員","741-01","採鉱員","採鉱作業員"
"","","","","742","石切出作業員","742-01","石切出作業員","石切出作業者、砕石作業者"
"","","","","743","じゃり・砂・粘土採取作業員","743-01","じゃり・砂・粘土採取作業員","じゃり採取作業者、砂採取作業者、庭石採取作業者、粘土採取作業者"
"","","","","749","その他の採掘の職業","749-01","支柱員","坑内支柱員"
"","","","","","","749-99","他に分類されない採掘の職業","坑内運搬員、選鉱員、発破員"
"K","運搬・清掃・包装等の職業","75","運搬の職業","751","郵便集配員、電報配達員","751-01","郵便集配員、電報配達員","電報配達員、郵便取集員、郵便配達員"
"","","","","752","港湾荷役作業員","752-01","港湾荷役作業員","船内荷役作業員、沿岸荷役作業員"
"","","","","753","陸上荷役・運搬作業員","753-01","運搬作業員","市場内運搬作業員、工場内運搬作業員"
"","","","","","","753-02","積卸作業員","積卸作業員、トラック助手"
"","","","","","","753-03","引越作業員","引越作業員"
"","","","","754","倉庫作業員","754-01","倉庫作業員（冷蔵倉庫を除く）","危険品倉庫作業員、水面倉庫作業員"
"","","","","","","754-02","冷蔵倉庫作業員","冷蔵倉庫作業員"
"","","","","755","配達員","755-01","荷物配達員 ","受託配送員（ルート配送を除く）、商品配達員（ルート配送を除く）、セールスドライバー（ルート配送を除く）、宅配ピザ配達員、宅配便配達員、バイク便配達人、メール便配達員"
"","","","","","","755-02","ルート集配員 ","牛乳配達員、クリーニング集配員、受託配送員（ルート配送）、商品配達員（ルート配送）、セールスドライバー（ルート配送）、乳酸発酵製品配達員、プロパンガス配達員、ルートセールス員（配達を主とするもの）"
"","","","","","","755-03","新聞配達員","新聞配達員"
"","","","","","","755-04","自動販売機商品補充員","清涼飲料ルートセールス員"
"","","","","756","荷造作業員","756-01","荷造作業員","板わくこん包工、機械こん包工、こん包工、出荷作業員（荷造を主とするもの）、荷造機械操作員、荷造検査工、荷造工、箱詰荷造工、袋詰こん包工"
"","","76","清掃の職業","761","ビル・建物清掃員","761-01","ビル・建物清掃員","階段清掃員、ガラス清掃員、ビル清掃員、ポリッシャー（自動床洗浄機）作業員、床磨作業員"
"","","","","762","ハウスクリーニング作業員","762-01","ハウスクリーニング作業員","個人宅清掃員、賃貸住宅清掃員"
"","","","","763","道路・公園清掃員","763-01","道路清掃員","道路清掃員"
"","","","","","","763-02","公園清掃員","ゴルフ場清掃員、植物園清掃員、動物園清掃員、遊園地清掃員"
"","","","","764","ごみ収集・し尿汲取作業員","764-01","ごみ収集作業員","ごみ収集作業員"
"","","","","","","764-02","し尿汲取作業員","し尿汲取作業員"
"","","","","765","産業廃棄物収集作業員","765-01","産業廃棄物収集作業員","がれき収集作業員、工場汚泥回収作業員、工場廃液回収作業員、廃プラスチック回収作業員"
"","","","","769","その他の清掃の職業","769-01","産業洗浄員","機械洗浄員、航空機洗浄員、受水槽洗浄員、上下水道管渠施設洗浄員、洗車作業員、建物外壁高圧洗浄作業員、タンク洗浄員、貯水槽洗浄員、鉄道車両洗浄員、ボイラー洗浄員"
"","","","","","","769-02","消毒・害虫防除作業員","害虫駆除作業員、消毒作業員、白あり駆除作業員、防疫作業員、捕鼠作業員、輸入果物燻蒸員"
"","","","","","","769-03","乗物内清掃員","航空機内清掃員、シートカバー取付人（航空機・列車）、車内清掃員（自動車）、船内清掃員、バス清掃員、列車清掃員"
"","","","","","","769-04","浄化槽清掃員","浄化槽汚泥回収作業員、浄化槽保守点検作業員"
"","","","","","","769-99","他に分類されない清掃の職業","駅構内清掃員、堤防清掃人、墓地掃除人"
"","","77","包装の職業","771","製品包装作業員","771-01","製品包装作業員","贈答品包装作業員、箱詰作業員（包装）、パッケージ機械操作員、フィルム包装作業員、袋詰作業員（包装）、包装機械操作員"
"","","","","779","その他の包装の職業","779-01","ラベル・シール貼付作業員","シール貼付作業員、ステッカー貼付作業員、値札貼付作業員、ラベル貼付作業員"
"","","","","","","779-99","他に分類されない包装の職業","タッグ（下げ札）付作業員、マーク打作業員（製品の箱等に行うもの）"
"","","78","その他の運搬・清掃・包装等の職業","781","選別作業員","781-01","原材料選別作業員 ","古紙精選作業員（紙製造）、選果作業員（缶詰製造）、選鉱作業員（製鉄、製鋼）、選石作業員（石材加工）、野菜選別作業員（漬け物製造）"
"","","","","","","781-02","商品取集め作業員","商品仕分け作業員、ピッキング作業員"
"","","","","","","781-03","青果選別作業員","選果作業員（卸・小売店、出荷組合、農協）"
"","","","","","","781-04","洗たく物荷分け作業員","洗たく物仕分け作業員"
"","","","","","","781-99","他に分類されない選別作業員","いも類選別作業員、ごみ分別作業員（清掃工場）、水産物選別作業員（漁協）、選卵作業員、茶葉選別作業員、廃品選別整理作業員、メール便仕分け作業員"
"","","","","782","軽作業員","782-01","工場労務作業員","工場労務員"
"","","","","","","782-02","建設現場労務作業員","建設現場労務員、建設労務員"
"","","","","","","782-03","小売店作業員","商品品出作業員（小売店）、商品陳列作業員（小売店）、商品補充作業員（小売店）、棚卸作業員（小売店）、店頭商品補充係"
"","","","","","","782-04","病院作業員","病院用務員"
"","","","","","","782-05","旅館作業員","下番（旅館）、内務係（旅館）、中番（旅館）"
"","","","","","","782-06","食堂作業員","食器洗浄係"
"","","","","","","782-07","会場設営作業員","イベント会場設営作業員、コンサート会場設営作業員、展示場設営作業員"
"","","","","","","782-08","用務員","学校用務員、校務員（学校）"
"","","","","789","他に分類されない運搬・清掃・包装等の職業","789-01","公園・ゴルフ場・競技場整備員","グランドキーパー、グランド整備員、公園草取作業員、公園芝刈作業員、ゴルフ場整備員"
"","","","","","","789-99","他に分類されないその他の運搬・清掃・包装等の職業","遺跡発掘作業員、車内広告張り作業員、発送作業員（印刷物）、封入作業員（印刷物）、容器洗浄員"
